FGRRES_00001	4
FGRRES_00002	2
FGRRES_00003	5
FGRRES_00004	4
FGRRES_00005	2
FGRRES_00006	6
FGRRES_00009	3
FGRRES_00010	4
FGRRES_00011	8
FGRRES_00012	2
FGRRES_00013	3
FGRRES_00014_M	5
FGRRES_00015	7
FGRRES_00016_M	4
FGRRES_00017	2
FGRRES_00018	3
FGRRES_00019	4
FGRRES_00021	3
FGRRES_00023	2
FGRRES_00024	2
FGRRES_00025	5
FGRRES_00026_M	7
FGRRES_00027	2
FGRRES_00028	3
FGRRES_00029	5
FGRRES_00030_M	3
FGRRES_00032	2
FGRRES_00033	3
FGRRES_00034	5
FGRRES_00036	6
FGRRES_00038_M	4
FGRRES_00039	2
FGRRES_00040	5
FGRRES_00043	2
FGRRES_00044	2
FGRRES_00045	2
FGRRES_00046	15
FGRRES_00047	5
FGRRES_00048	4
FGRRES_00049	6
FGRRES_00050	2
FGRRES_00051	4
FGRRES_00052	5
FGRRES_00053	2
FGRRES_00054	2
FGRRES_00055	3
FGRRES_00056	3
FGRRES_00058	3
FGRRES_00059	3
FGRRES_00060	3
FGRRES_00061	2
FGRRES_00062	3
FGRRES_00063	2
FGRRES_00064_M	2
FGRRES_00065	2
FGRRES_00066	4
FGRRES_00067	3
FGRRES_00068	4
FGRRES_00069	4
FGRRES_00070	2
FGRRES_00071	6
FGRRES_00072	4
FGRRES_00073	3
FGRRES_00074	2
FGRRES_00075	2
FGRRES_00076	5
FGRRES_00077	4
FGRRES_00078	7
FGRRES_00079	2
FGRRES_00080	2
FGRRES_00082	2
FGRRES_00083	7
FGRRES_00084_M	2
FGRRES_00085	9
FGRRES_00087	4
FGRRES_00089	6
FGRRES_00090	3
FGRRES_00091	2
FGRRES_00092	6
FGRRES_00093_M	3
FGRRES_00094	2
FGRRES_00096	3
FGRRES_00097	2
FGRRES_00099	3
FGRRES_00100	3
FGRRES_00101	7
FGRRES_00102	4
FGRRES_00103	2
FGRRES_00104_M	5
FGRRES_00105_M	4
FGRRES_00107	3
FGRRES_00108	6
FGRRES_00109	4
FGRRES_00111	4
FGRRES_00112	4
FGRRES_00114	3
FGRRES_00116	5
FGRRES_00117	3
FGRRES_00118	3
FGRRES_00119	2
FGRRES_00120_M	1
FGRRES_00122	2
FGRRES_00124	2
FGRRES_00126	4
FGRRES_00128_M	4
FGRRES_00129_M	3
FGRRES_00130	4
FGRRES_00131	2
FGRRES_00132	5
FGRRES_00134	2
FGRRES_00135	3
FGRRES_00136	4
FGRRES_00137	2
FGRRES_00138	6
FGRRES_00139	3
FGRRES_00140	2
FGRRES_00141	3
FGRRES_00144	5
FGRRES_00145	3
FGRRES_00147	7
FGRRES_00148	6
FGRRES_00150	2
FGRRES_00151	3
FGRRES_00152	3
FGRRES_00154	3
FGRRES_00156_M	4
FGRRES_00157	2
FGRRES_00160	2
FGRRES_00161	3
FGRRES_00162	5
FGRRES_00163	7
FGRRES_00164	2
FGRRES_00165	2
FGRRES_00166	2
FGRRES_00168	4
FGRRES_00169	2
FGRRES_00170	5
FGRRES_00171	2
FGRRES_00172	4
FGRRES_00173	4
FGRRES_00174	2
FGRRES_00175	3
FGRRES_00176	3
FGRRES_00177	4
FGRRES_00179	4
FGRRES_00181	3
FGRRES_00182	4
FGRRES_00183	6
FGRRES_00184	2
FGRRES_00185	4
FGRRES_00186	2
FGRRES_00188	2
FGRRES_00189	5
FGRRES_00190	3
FGRRES_00192	3
FGRRES_00193	2
FGRRES_00194	2
FGRRES_00195	4
FGRRES_00196_M	5
FGRRES_00197	4
FGRRES_00198	2
FGRRES_00199	2
FGRRES_00200	4
FGRRES_00201	6
FGRRES_00203	2
FGRRES_00205	6
FGRRES_00207	2
FGRRES_00209	4
FGRRES_00211	3
FGRRES_00213	2
FGRRES_00214	3
FGRRES_00216	3
FGRRES_00217	5
FGRRES_00218	5
FGRRES_00219	6
FGRRES_00220	3
FGRRES_00222	7
FGRRES_00224	4
FGRRES_00226	5
FGRRES_00227	7
FGRRES_00229	5
FGRRES_00230	2
FGRRES_00231	4
FGRRES_00232	3
FGRRES_00234	3
FGRRES_00235	3
FGRRES_00236	5
FGRRES_00237	5
FGRRES_00242_M	2
FGRRES_00243	7
FGRRES_00245	3
FGRRES_00246	2
FGRRES_00247	7
FGRRES_00249	2
FGRRES_00251_M	2
FGRRES_00252	4
FGRRES_00253	3
FGRRES_00254	2
FGRRES_00255	4
FGRRES_00256	2
FGRRES_00257	2
FGRRES_00258	5
FGRRES_00259	3
FGRRES_00260	3
FGRRES_00261	3
FGRRES_00262_M	3
FGRRES_00418	3
FGRRES_00419	2
FGRRES_00421	4
FGRRES_00422	2
FGRRES_00423	2
FGRRES_00424	2
FGRRES_00425	4
FGRRES_00426	2
FGRRES_00427	4
FGRRES_00428	3
FGRRES_00429	4
FGRRES_00430	5
FGRRES_00431_M	3
FGRRES_00432	4
FGRRES_00433	5
FGRRES_00434	4
FGRRES_00435	4
FGRRES_00436	4
FGRRES_00437	3
FGRRES_00438	3
FGRRES_00439	5
FGRRES_00440	3
FGRRES_00441	5
FGRRES_00442	6
FGRRES_00443	4
FGRRES_00444	5
FGRRES_00446	4
FGRRES_00447	6
FGRRES_00448	2
FGRRES_00449	3
FGRRES_00450	2
FGRRES_00947	4
FGRRES_00949	3
FGRRES_00950_M	5
FGRRES_00951	2
FGRRES_00952	5
FGRRES_01076	5
FGRRES_01077_M	6
FGRRES_01078	3
FGRRES_01081	4
FGRRES_01083	4
FGRRES_01615	1
FGRRES_01616	2
FGRRES_01617	1
FGRRES_01618	4
FGRRES_01619	2
FGRRES_01620	3
FGRRES_01621	4
FGRRES_01622	3
FGRRES_01623	3
FGRRES_01624	5
FGRRES_01644	2
FGRRES_01645	2
FGRRES_01648	3
FGRRES_01649	8
FGRRES_01650_M	3
FGRRES_01651	3
FGRRES_01652	3
FGRRES_01653	3
FGRRES_01654	2
FGRRES_01655	3
FGRRES_01656	3
FGRRES_01657	2
FGRRES_01659	4
FGRRES_01660	3
FGRRES_01661	4
FGRRES_01662	8
FGRRES_01664	1
FGRRES_01665	4
FGRRES_01666	4
FGRRES_01667	4
FGRRES_01668	3
FGRRES_01669	3
FGRRES_01670	3
FGRRES_01671	4
FGRRES_01672	4
FGRRES_01673	6
FGRRES_01674	7
FGRRES_01675	4
FGRRES_01676_M	4
FGRRES_01677	5
FGRRES_01678	4
FGRRES_01679_M	3
FGRRES_01681	3
FGRRES_01685	2
FGRRES_01686	3
FGRRES_01687	2
FGRRES_01688	4
FGRRES_01689	4
FGRRES_01690	6
FGRRES_01691	1
FGRRES_01693	3
FGRRES_01694	2
FGRRES_01695_M	2
FGRRES_01698	3
FGRRES_01699_M	6
FGRRES_01700	3
FGRRES_01701	2
FGRRES_01702	3
FGRRES_01703	5
FGRRES_01705	4
FGRRES_01706	1
FGRRES_01707	4
FGRRES_01710	2
FGRRES_01711	4
FGRRES_01712	3
FGRRES_01713	2
FGRRES_01714	2
FGRRES_01717	4
FGRRES_01718	3
FGRRES_01719	3
FGRRES_01722	3
FGRRES_01723_M	4
FGRRES_01724	3
FGRRES_01725	2
FGRRES_01726_M	5
FGRRES_01727	3
FGRRES_01728	2
FGRRES_01729	2
FGRRES_01730	5
FGRRES_01731	2
FGRRES_01734_M	3
FGRRES_01735_M	10
FGRRES_01736_M	8
FGRRES_01737	4
FGRRES_01738_M	10
FGRRES_01739	9
FGRRES_01740	4
FGRRES_01741	6
FGRRES_01742	3
FGRRES_01743	6
FGRRES_01744	10
FGRRES_01745	4
FGRRES_01746	3
FGRRES_01747	2
FGRRES_01748	4
FGRRES_01749	3
FGRRES_01751	2
FGRRES_01752	2
FGRRES_01754	2
FGRRES_01755	2
FGRRES_01756_M	4
FGRRES_01757	4
FGRRES_01758	5
FGRRES_01759	4
FGRRES_01760	3
FGRRES_01761	6
FGRRES_01762	7
FGRRES_01763	3
FGRRES_01764	5
FGRRES_01765	4
FGRRES_01766	2
FGRRES_01767	6
FGRRES_01768	2
FGRRES_01769	3
FGRRES_01770	4
FGRRES_01771	3
FGRRES_01772_M	3
FGRRES_01773	7
FGRRES_01776	3
FGRRES_01777	3
FGRRES_01778	5
FGRRES_01779	5
FGRRES_01780	4
FGRRES_01782	2
FGRRES_01783	5
FGRRES_01784	5
FGRRES_01785	3
FGRRES_01787	2
FGRRES_01789	3
FGRRES_01790	6
FGRRES_01791	3
FGRRES_01792	6
FGRRES_01793	5
FGRRES_01794	6
FGRRES_01795	7
FGRRES_01796	4
FGRRES_01797_M	8
FGRRES_01798	3
FGRRES_01799_M	9
FGRRES_01800_M	6
FGRRES_01801	2
FGRRES_01802	4
FGRRES_01803	4
FGRRES_01805	3
FGRRES_01806	3
FGRRES_01807	2
FGRRES_01808_M	6
FGRRES_01809	4
FGRRES_01810	2
FGRRES_01811	2
FGRRES_01812	5
FGRRES_01813	2
FGRRES_01814_M	6
FGRRES_01815	6
FGRRES_01816	6
FGRRES_01817	4
FGRRES_01818_M	5
FGRRES_01819_M	5
FGRRES_01822	3
FGRRES_01825	2
FGRRES_01826	3
FGRRES_01827	2
FGRRES_01828	2
FGRRES_01829	3
FGRRES_01830	2
FGRRES_01831	4
FGRRES_01832	4
FGRRES_01833	5
FGRRES_01834	2
FGRRES_01836	12
FGRRES_01837	2
FGRRES_01838	2
FGRRES_01839	5
FGRRES_01842	3
FGRRES_01844	4
FGRRES_01845	3
FGRRES_01846	5
FGRRES_01847	2
FGRRES_01848	2
FGRRES_01849_M	2
FGRRES_01850	2
FGRRES_01851	2
FGRRES_01852	4
FGRRES_01854	4
FGRRES_01855	3
FGRRES_01856	3
FGRRES_01857	3
FGRRES_01858_M	2
FGRRES_01859	3
FGRRES_01860	2
FGRRES_01861	4
FGRRES_01862	4
FGRRES_01863	4
FGRRES_01865	4
FGRRES_01866	2
FGRRES_01867	2
FGRRES_01868	5
FGRRES_01870	6
FGRRES_01871_M	4
FGRRES_02000	4
FGRRES_02001	6
FGRRES_02002	3
FGRRES_02003	4
FGRRES_02004	2
FGRRES_02007	3
FGRRES_02008	5
FGRRES_02009	2
FGRRES_02010	5
FGRRES_02011	4
FGRRES_02012	2
FGRRES_02013	2
FGRRES_02014	3
FGRRES_02015	5
FGRRES_02016	4
FGRRES_02017_M	2
FGRRES_02018	3
FGRRES_02019	1
FGRRES_02020	3
FGRRES_02021	8
FGRRES_02022	3
FGRRES_02023	3
FGRRES_02024	3
FGRRES_02025	4
FGRRES_02026	1
FGRRES_02027	3
FGRRES_02100	2
FGRRES_02101	3
FGRRES_02102	3
FGRRES_02103	3
FGRRES_02104	2
FGRRES_02105	3
FGRRES_02106_M	2
FGRRES_02108_M	4
FGRRES_02109	4
FGRRES_02111	4
FGRRES_02112	3
FGRRES_02114	3
FGRRES_02115	2
FGRRES_02117	4
FGRRES_02118	5
FGRRES_02119	2
FGRRES_02120	4
FGRRES_02121	4
FGRRES_02123	1
FGRRES_02125	5
FGRRES_02126	3
FGRRES_02127	4
FGRRES_02128	5
FGRRES_02130	5
FGRRES_02131	4
FGRRES_02135	8
FGRRES_02136	5
FGRRES_02137	3
FGRRES_02138	3
FGRRES_02139	9
FGRRES_02140	5
FGRRES_02141	4
FGRRES_02142	6
FGRRES_02143	5
FGRRES_02144	2
FGRRES_02145	3
FGRRES_02146	7
FGRRES_02147	5
FGRRES_02148	3
FGRRES_02151	5
FGRRES_02152_M	12
FGRRES_02153_M	7
FGRRES_02154_M	3
FGRRES_02155	6
FGRRES_02158_M	5
FGRRES_02159	2
FGRRES_02160	6
FGRRES_02161	2
FGRRES_02162	2
FGRRES_02163	5
FGRRES_02164	5
FGRRES_02165	4
FGRRES_02168	5
FGRRES_02169	4
FGRRES_02170	2
FGRRES_02171	1
FGRRES_02172	3
FGRRES_02173	3
FGRRES_02176	3
FGRRES_02177	2
FGRRES_02178_M	4
FGRRES_02179	7
FGRRES_02180_M	4
FGRRES_02181	3
FGRRES_02182	4
FGRRES_02183	6
FGRRES_02184	2
FGRRES_02185	4
FGRRES_02186_M	5
FGRRES_02189_M	2
FGRRES_02190	3
FGRRES_02191	3
FGRRES_02192	3
FGRRES_02193	2
FGRRES_02194	4
FGRRES_02195	4
FGRRES_02198	4
FGRRES_02199	2
FGRRES_02201	3
FGRRES_02202	2
FGRRES_02203	6
FGRRES_02204	2
FGRRES_02206	7
FGRRES_02207	2
FGRRES_02208	4
FGRRES_02210	4
FGRRES_02211	3
FGRRES_02212	2
FGRRES_02213	3
FGRRES_02214	7
FGRRES_02215	3
FGRRES_02216	3
FGRRES_02217	3
FGRRES_02218	6
FGRRES_02220	7
FGRRES_02221	2
FGRRES_02223	2
FGRRES_02224	2
FGRRES_02225	2
FGRRES_02228	5
FGRRES_02230	2
FGRRES_02231	4
FGRRES_02232	4
FGRRES_02233	4
FGRRES_02234	2
FGRRES_02235	3
FGRRES_02236	5
FGRRES_02237	4
FGRRES_02238	2
FGRRES_02240	3
FGRRES_02241	12
FGRRES_02242	4
FGRRES_02243	3
FGRRES_02244	3
FGRRES_02245	2
FGRRES_02246	4
FGRRES_02247	5
FGRRES_02248_M	9
FGRRES_02249	4
FGRRES_02251	6
FGRRES_02252	2
FGRRES_02253_M	1
FGRRES_02254	3
FGRRES_02255	3
FGRRES_02257	6
FGRRES_02259	3
FGRRES_02260	2
FGRRES_02262	3
FGRRES_02263	3
FGRRES_02264	2
FGRRES_02266	5
FGRRES_02267	3
FGRRES_02268	6
FGRRES_02269	3
FGRRES_02270	3
FGRRES_02272	2
FGRRES_02273	4
FGRRES_02274	7
FGRRES_02275	2
FGRRES_02276	2
FGRRES_02278	6
FGRRES_02279	5
FGRRES_02280	5
FGRRES_02281	2
FGRRES_02282	3
FGRRES_02284	3
FGRRES_02285	3
FGRRES_02286	3
FGRRES_02287	2
FGRRES_02288	6
FGRRES_02289	3
FGRRES_02290	2
FGRRES_02291	4
FGRRES_02293	4
FGRRES_02294	3
FGRRES_02296	4
FGRRES_02297	3
FGRRES_02298	5
FGRRES_02299	3
FGRRES_02300	6
FGRRES_02301	4
FGRRES_02302	4
FGRRES_02304	4
FGRRES_02305	4
FGRRES_02306	2
FGRRES_02307	4
FGRRES_02308	3
FGRRES_02309	4
FGRRES_02310	2
FGRRES_02312	2
FGRRES_02313	3
FGRRES_02314	2
FGRRES_02315	2
FGRRES_02316	12
FGRRES_02317	2
FGRRES_02318	4
FGRRES_02319	3
FGRRES_02320	2
FGRRES_02321	3
FGRRES_02322	3
FGRRES_02323	5
FGRRES_02324	7
FGRRES_02325	3
FGRRES_02326	4
FGRRES_02327	6
FGRRES_02328	6
FGRRES_02329	3
FGRRES_02330	4
FGRRES_02331	2
FGRRES_02332	2
FGRRES_02333_M	3
FGRRES_02334	6
FGRRES_02335	2
FGRRES_02336	4
FGRRES_02337	3
FGRRES_02338	2
FGRRES_02339	3
FGRRES_02340_M	5
FGRRES_02341	5
FGRRES_02342_M	4
FGRRES_02343	5
FGRRES_02346	4
FGRRES_02347	5
FGRRES_02348_M	2
FGRRES_02349	2
FGRRES_02351	2
FGRRES_02352	2
FGRRES_02353	5
FGRRES_02354	6
FGRRES_02355	1
FGRRES_02358	6
FGRRES_02359	2
FGRRES_02360	4
FGRRES_02361_M	4
FGRRES_02363	4
FGRRES_02364	3
FGRRES_02365_M	12
FGRRES_02366	3
FGRRES_02367	3
FGRRES_02368	2
FGRRES_02369	3
FGRRES_02370	6
FGRRES_02371_2_M	1
FGRRES_02372	3
FGRRES_02373	3
FGRRES_02375_M	2
FGRRES_02377	3
FGRRES_02378	5
FGRRES_02379	4
FGRRES_02380_M	5
FGRRES_02381	3
FGRRES_02382	4
FGRRES_02383	4
FGRRES_02384	5
FGRRES_02385	4
FGRRES_02386	2
FGRRES_02387	6
FGRRES_02389_M	13
FGRRES_02390	4
FGRRES_02392	4
FGRRES_02393	2
FGRRES_02394	2
FGRRES_02398	3
FGRRES_02400	4
FGRRES_02401_M	7
FGRRES_02403	2
FGRRES_02406	6
FGRRES_02407	3
FGRRES_02408	2
FGRRES_02409	3
FGRRES_02414	7
FGRRES_02415	4
FGRRES_02416	2
FGRRES_02418	4
FGRRES_02419	6
FGRRES_02420	10
FGRRES_02421	5
FGRRES_02422	2
FGRRES_02423	3
FGRRES_02426	5
FGRRES_02427	2
FGRRES_02428	3
FGRRES_02429	3
FGRRES_02432	4
FGRRES_02433	3
FGRRES_02434	3
FGRRES_02437	4
FGRRES_02438	2
FGRRES_02439	1
FGRRES_02440	3
FGRRES_02441	4
FGRRES_02442	3
FGRRES_02443_M	2
FGRRES_02444	3
FGRRES_02446	3
FGRRES_02447	3
FGRRES_02448	3
FGRRES_02449	5
FGRRES_02451	4
FGRRES_02452	2
FGRRES_02454	4
FGRRES_02455	4
FGRRES_02610	12
FGRRES_02611	6
FGRRES_02613	3
FGRRES_02615	3
FGRRES_02616	2
FGRRES_02617	2
FGRRES_02807	4
FGRRES_02808	3
FGRRES_02809	4
FGRRES_02810_M	4
FGRRES_02811	4
FGRRES_02812	5
FGRRES_02813	2
FGRRES_02814	3
FGRRES_02815	4
FGRRES_02816	2
FGRRES_02817	3
FGRRES_02819	5
FGRRES_02820	5
FGRRES_02821_M	3
FGRRES_02822_M	4
FGRRES_02825_M	5
FGRRES_02827	2
FGRRES_02828	2
FGRRES_02829	2
FGRRES_02833	4
FGRRES_02834	5
FGRRES_02836_M	2
FGRRES_02839	3
FGRRES_02840	4
FGRRES_02841	4
FGRRES_02842_M	2
FGRRES_02843	3
FGRRES_02844	4
FGRRES_02846	2
FGRRES_02847	12
FGRRES_02848	2
FGRRES_02851	3
FGRRES_02852	2
FGRRES_02853	9
FGRRES_02854	6
FGRRES_02856	2
FGRRES_02857	3
FGRRES_02858	3
FGRRES_02861	3
FGRRES_02862	2
FGRRES_02863	8
FGRRES_02864	4
FGRRES_02865_M	5
FGRRES_02866	3
FGRRES_02867	3
FGRRES_02868	2
FGRRES_02869_M	6
FGRRES_02870	4
FGRRES_02871	3
FGRRES_02872	4
FGRRES_02873	7
FGRRES_02874	4
FGRRES_02875	5
FGRRES_02877	7
FGRRES_02878	4
FGRRES_02880	5
FGRRES_02881_M	8
FGRRES_02882	2
FGRRES_02883	2
FGRRES_02884	3
FGRRES_02885	2
FGRRES_02886	3
FGRRES_02887	3
FGRRES_02888	2
FGRRES_02889	5
FGRRES_02890	4
FGRRES_02891	2
FGRRES_02892	5
FGRRES_02893	3
FGRRES_02895	4
FGRRES_02896	2
FGRRES_02899	4
FGRRES_02901	2
FGRRES_02902	2
FGRRES_02903	2
FGRRES_02904	3
FGRRES_02905	3
FGRRES_02906	5
FGRRES_02908	3
FGRRES_02909_M	2
FGRRES_02910_M	3
FGRRES_02911	2
FGRRES_02913	3
FGRRES_02914	4
FGRRES_02915_M	2
FGRRES_02916	5
FGRRES_02917	3
FGRRES_02918	3
FGRRES_02920	2
FGRRES_02921	3
FGRRES_02922	6
FGRRES_02924	2
FGRRES_02925	2
FGRRES_02926	2
FGRRES_02927_M	6
FGRRES_02928_M	2
FGRRES_02929	5
FGRRES_02930	12
FGRRES_02931	2
FGRRES_02932	3
FGRRES_02933	2
FGRRES_02934_M	1
FGRRES_02935	3
FGRRES_02936	1
FGRRES_02937	2
FGRRES_02938_M	4
FGRRES_02939	6
FGRRES_02941	2
FGRRES_02942	3
FGRRES_02943	3
FGRRES_02944	3
FGRRES_02945	4
FGRRES_02947	6
FGRRES_02948	4
FGRRES_02949	2
FGRRES_02950	2
FGRRES_02952	3
FGRRES_02953	2
FGRRES_02954	2
FGRRES_02955	1
FGRRES_02957	3
FGRRES_02958_M	3
FGRRES_02959	3
FGRRES_02960	2
FGRRES_02961	2
FGRRES_02962	3
FGRRES_02963	2
FGRRES_02964	3
FGRRES_02967	2
FGRRES_02968	6
FGRRES_02970	4
FGRRES_02972	4
FGRRES_02973	6
FGRRES_02974	4
FGRRES_02975	4
FGRRES_02976	1
FGRRES_02977_M	4
FGRRES_02978	4
FGRRES_02979	2
FGRRES_02982	5
FGRRES_02983	5
FGRRES_02986	6
FGRRES_02987	4
FGRRES_02988	2
FGRRES_02989	4
FGRRES_02990	3
FGRRES_02992	9
FGRRES_02993	3
FGRRES_02994	4
FGRRES_02996_M	2
FGRRES_02997_M	4
FGRRES_02998	2
FGRRES_02999	3
FGRRES_03000_M	5
FGRRES_03001	2
FGRRES_03002	2
FGRRES_03003	2
FGRRES_03004	2
FGRRES_03006	2
FGRRES_03007	2
FGRRES_03009	4
FGRRES_03010_M	7
FGRRES_03011	10
FGRRES_03013	4
FGRRES_03014	1
FGRRES_03015	4
FGRRES_03016	3
FGRRES_03017	5
FGRRES_03018	5
FGRRES_03020	7
FGRRES_03021_M	6
FGRRES_03022	3
FGRRES_03023	1
FGRRES_03024	3
FGRRES_03025	2
FGRRES_03026	2
FGRRES_03027	4
FGRRES_03028_M	5
FGRRES_03030_M	4
FGRRES_03031_M	3
FGRRES_03032	2
FGRRES_03033	4
FGRRES_03034_M	4
FGRRES_03035	2
FGRRES_03036	6
FGRRES_03040	3
FGRRES_03041_M	4
FGRRES_03042	2
FGRRES_03043	7
FGRRES_03044	3
FGRRES_03045_M	4
FGRRES_03046	2
FGRRES_03047	3
FGRRES_03048	2
FGRRES_03049	3
FGRRES_03050	5
FGRRES_03052	2
FGRRES_03054	3
FGRRES_03055	7
FGRRES_03057	2
FGRRES_03058_M	4
FGRRES_03060	2
FGRRES_03061	5
FGRRES_03063	5
FGRRES_03064_M	4
FGRRES_03066_M	7
FGRRES_03067_M	3
FGRRES_03069	3
FGRRES_03070	2
FGRRES_03071	3
FGRRES_03072	4
FGRRES_03075	3
FGRRES_03078	2
FGRRES_03079	2
FGRRES_03080	6
FGRRES_03081	2
FGRRES_03083	4
FGRRES_03086	8
FGRRES_03087_M	6
FGRRES_03088	3
FGRRES_03090	2
FGRRES_03094	3
FGRRES_03096	5
FGRRES_03097_M	5
FGRRES_03098	4
FGRRES_03099_M	4
FGRRES_03101	2
FGRRES_03102	2
FGRRES_03103	2
FGRRES_03106	3
FGRRES_03107	3
FGRRES_03108	2
FGRRES_03109	4
FGRRES_03110	4
FGRRES_03111	6
FGRRES_03112	3
FGRRES_03113_M	5
FGRRES_03114	5
FGRRES_03116	3
FGRRES_03118	2
FGRRES_03119	3
FGRRES_03120	3
FGRRES_03121	5
FGRRES_03122	3
FGRRES_03123	2
FGRRES_03124	3
FGRRES_03125_M	5
FGRRES_03126	3
FGRRES_03127	2
FGRRES_03128	2
FGRRES_03130	3
FGRRES_03131	4
FGRRES_03133	6
FGRRES_03134	5
FGRRES_03136	5
FGRRES_03137	10
FGRRES_03139	2
FGRRES_03140	4
FGRRES_03143	4
FGRRES_03144	4
FGRRES_03145_M	5
FGRRES_03146_M	5
FGRRES_03147_M	2
FGRRES_03148	5
FGRRES_03149	2
FGRRES_03150	2
FGRRES_03151	6
FGRRES_03152_M	6
FGRRES_03154	4
FGRRES_03155	3
FGRRES_03156	3
FGRRES_03157	4
FGRRES_03158	4
FGRRES_03159	4
FGRRES_03160	2
FGRRES_03162	4
FGRRES_03163	8
FGRRES_03165	5
FGRRES_03166_M	3
FGRRES_03167_M	3
FGRRES_03168	3
FGRRES_03169	3
FGRRES_03170	4
FGRRES_03171	3
FGRRES_03172	4
FGRRES_03173	2
FGRRES_03174	2
FGRRES_03175_M	2
FGRRES_03177_M	5
FGRRES_03178	2
FGRRES_03180_M	3
FGRRES_03181	2
FGRRES_03182	2
FGRRES_03183	2
FGRRES_03184_M	3
FGRRES_03185	2
FGRRES_03186	2
FGRRES_03189_M	7
FGRRES_03190	3
FGRRES_03191_M	4
FGRRES_03193	3
FGRRES_03194	3
FGRRES_03195	2
FGRRES_03196	4
FGRRES_03197	3
FGRRES_03201	5
FGRRES_03202	4
FGRRES_03203	3
FGRRES_03204	5
FGRRES_03207_M	9
FGRRES_03208_M	4
FGRRES_03209	2
FGRRES_03210_M	3
FGRRES_03211	2
FGRRES_03212	4
FGRRES_03213	2
FGRRES_03214	4
FGRRES_03215	6
FGRRES_03217	3
FGRRES_03218	3
FGRRES_03219	3
FGRRES_03220	4
FGRRES_03221_16307_M	6
FGRRES_03222	3
FGRRES_03223_M	4
FGRRES_03224_M	4
FGRRES_03225	3
FGRRES_03226_M	4
FGRRES_03227	2
FGRRES_03228	2
FGRRES_03229	6
FGRRES_03230	4
FGRRES_03231	4
FGRRES_03233	4
FGRRES_03235	1
FGRRES_03236_M	5
FGRRES_03237_M	4
FGRRES_03238	2
FGRRES_03239	2
FGRRES_03241	3
FGRRES_03242_M	1
FGRRES_03243	6
FGRRES_03244	7
FGRRES_03245_M	7
FGRRES_03246	4
FGRRES_03247	4
FGRRES_03248	4
FGRRES_03249	3
FGRRES_03251	2
FGRRES_03253_M	18
FGRRES_03254_M	10
FGRRES_03255	2
FGRRES_03256	3
FGRRES_03257	4
FGRRES_03258_M	3
FGRRES_03259	2
FGRRES_03260	5
FGRRES_03261_M	3
FGRRES_03262	2
FGRRES_03264	3
FGRRES_03265	5
FGRRES_03267	2
FGRRES_03269	4
FGRRES_03270_M	5
FGRRES_03271	10
FGRRES_03272	5
FGRRES_03273	12
FGRRES_03274	3
FGRRES_03275	5
FGRRES_03276	5
FGRRES_03277	6
FGRRES_03278	4
FGRRES_03279	9
FGRRES_03281	3
FGRRES_03282	8
FGRRES_03283	2
FGRRES_03285	2
FGRRES_03287_M	4
FGRRES_03288	3
FGRRES_03290	2
FGRRES_03291	2
FGRRES_03292	5
FGRRES_03294_M	6
FGRRES_03295	6
FGRRES_03296	1
FGRRES_03297	3
FGRRES_03298_M	1
FGRRES_03299_M	3
FGRRES_03300	2
FGRRES_03301	4
FGRRES_03302_M	6
FGRRES_03303	2
FGRRES_03304	3
FGRRES_03305	5
FGRRES_03306	5
FGRRES_03307	5
FGRRES_03309	5
FGRRES_03310	7
FGRRES_03311	2
FGRRES_03312	3
FGRRES_03315	3
FGRRES_03316	4
FGRRES_03318	5
FGRRES_03319	2
FGRRES_03321	2
FGRRES_03322	3
FGRRES_03323	5
FGRRES_03326	1
FGRRES_03328	1
FGRRES_03329	4
FGRRES_03330	5
FGRRES_03331_M	1
FGRRES_03332_M	3
FGRRES_03333	2
FGRRES_03334	4
FGRRES_03335	3
FGRRES_03336	5
FGRRES_03337	2
FGRRES_03338	1
FGRRES_03339	4
FGRRES_03340	17
FGRRES_03341_M	7
FGRRES_03342	2
FGRRES_03343	8
FGRRES_03344_M	4
FGRRES_03345	7
FGRRES_03346	2
FGRRES_03347_M	3
FGRRES_03348	5
FGRRES_03349	3
FGRRES_03350	6
FGRRES_03354	3
FGRRES_03355	2
FGRRES_03356	2
FGRRES_03357	2
FGRRES_03359	3
FGRRES_03360	3
FGRRES_03361_M	2
FGRRES_03362	2
FGRRES_03363	5
FGRRES_03364	4
FGRRES_03365	4
FGRRES_03366	5
FGRRES_03368	1
FGRRES_03369	6
FGRRES_03370	2
FGRRES_03371	2
FGRRES_03372	2
FGRRES_03373	1
FGRRES_03375	1
FGRRES_03379	3
FGRRES_03380_M	1
FGRRES_03381	2
FGRRES_03382	3
FGRRES_03383	4
FGRRES_03384	8
FGRRES_03385	2
FGRRES_03386	2
FGRRES_03387_M	5
FGRRES_03389_M	12
FGRRES_03390	3
FGRRES_03391	2
FGRRES_03392_M	4
FGRRES_03393_M	9
FGRRES_03394	3
FGRRES_03395	1
FGRRES_03396	2
FGRRES_03400	2
FGRRES_03402	2
FGRRES_03403	2
FGRRES_03406	4
FGRRES_03408	4
FGRRES_03409	6
FGRRES_03410_M	6
FGRRES_03411_M	4
FGRRES_03412	6
FGRRES_03413	2
FGRRES_03414	2
FGRRES_03416_M	4
FGRRES_03417	5
FGRRES_03420	2
FGRRES_03421	6
FGRRES_03422	2
FGRRES_03423	3
FGRRES_03424	5
FGRRES_03426	3
FGRRES_03427	9
FGRRES_03428	4
FGRRES_03430	6
FGRRES_03431	2
FGRRES_03432	2
FGRRES_03434	2
FGRRES_03435	2
FGRRES_03436	5
FGRRES_03437	3
FGRRES_03438	3
FGRRES_03439	2
FGRRES_03442	3
FGRRES_03443	4
FGRRES_03444	2
FGRRES_03445	2
FGRRES_03446	3
FGRRES_03447	6
FGRRES_03448	3
FGRRES_03451	4
FGRRES_03452_M	3
FGRRES_03453	3
FGRRES_03454	3
FGRRES_03455	2
FGRRES_03456	2
FGRRES_03457	4
FGRRES_03460	6
FGRRES_03462	2
FGRRES_03463	3
FGRRES_03466	5
FGRRES_03467	6
FGRRES_03470	2
FGRRES_03472	3
FGRRES_03473_M	4
FGRRES_03475	4
FGRRES_03476	7
FGRRES_03477	4
FGRRES_03479	4
FGRRES_03481	3
FGRRES_03482	2
FGRRES_03483	3
FGRRES_03484_M	4
FGRRES_03485_M	2
FGRRES_03486	2
FGRRES_03489	2
FGRRES_03491	2
FGRRES_03492_M	2
FGRRES_03493	2
FGRRES_03494	5
FGRRES_03495_M	3
FGRRES_03496_M	3
FGRRES_03497	5
FGRRES_03498	4
FGRRES_03499	2
FGRRES_03500_M	3
FGRRES_03502_M	3
FGRRES_03503_M	9
FGRRES_03504	1
FGRRES_03505	1
FGRRES_03507	5
FGRRES_03508	5
FGRRES_03509	4
FGRRES_03510	2
FGRRES_03511	2
FGRRES_03512	1
FGRRES_03513	4
FGRRES_03514_M	4
FGRRES_03516	6
FGRRES_03517	3
FGRRES_03518	2
FGRRES_03519	4
FGRRES_03520	2
FGRRES_03521	3
FGRRES_03522_M	5
FGRRES_03523_M	10
FGRRES_03524	4
FGRRES_03525	4
FGRRES_03526	2
FGRRES_03527	9
FGRRES_03528	7
FGRRES_03529	3
FGRRES_03530_M	5
FGRRES_03531	4
FGRRES_03532	2
FGRRES_03533	4
FGRRES_03534_M	5
FGRRES_03535	5
FGRRES_03537	3
FGRRES_03538	3
FGRRES_03539	2
FGRRES_03540	6
FGRRES_03541	4
FGRRES_03542_M	3
FGRRES_03543	3
FGRRES_03544_M	4
FGRRES_03545	6
FGRRES_03546	2
FGRRES_03547	3
FGRRES_03548	4
FGRRES_03549	2
FGRRES_03550	2
FGRRES_03552	2
FGRRES_03553	2
FGRRES_03554	2
FGRRES_03556	3
FGRRES_03557	2
FGRRES_03559	7
FGRRES_03562	2
FGRRES_03563	3
FGRRES_03564	2
FGRRES_03565	3
FGRRES_03567	10
FGRRES_03568	3
FGRRES_03569	2
FGRRES_03570_M	5
FGRRES_03573	1
FGRRES_03574	2
FGRRES_03575	1
FGRRES_03577_M	3
FGRRES_03579	3
FGRRES_03580	2
FGRRES_03581	2
FGRRES_03582	4
FGRRES_03583	2
FGRRES_03584	2
FGRRES_03585	3
FGRRES_03586	3
FGRRES_03587	2
FGRRES_03588	6
FGRRES_03589	3
FGRRES_03590	1
FGRRES_03591	5
FGRRES_03592	2
FGRRES_03593	1
FGRRES_03594	2
FGRRES_03595	4
FGRRES_03596	2
FGRRES_03597	4
FGRRES_03598	2
FGRRES_03599	3
FGRRES_03600	4
FGRRES_03601	3
FGRRES_03603	1
FGRRES_03605	4
FGRRES_03607_M	4
FGRRES_03609	2
FGRRES_03610	2
FGRRES_03611	2
FGRRES_03612	4
FGRRES_03613	3
FGRRES_03614	1
FGRRES_03615	5
FGRRES_03616	2
FGRRES_03619_M	5
FGRRES_03620	7
FGRRES_03621	2
FGRRES_03624	3
FGRRES_03626	3
FGRRES_03628	6
FGRRES_03629	3
FGRRES_03630	3
FGRRES_03631_M	2
FGRRES_03632	2
FGRRES_03633	2
FGRRES_03636_M	6
FGRRES_03637	1
FGRRES_03638	5
FGRRES_03639	5
FGRRES_03640	2
FGRRES_03641	2
FGRRES_03642	3
FGRRES_03643	2
FGRRES_03644	2
FGRRES_03645	2
FGRRES_03646	5
FGRRES_03647	2
FGRRES_03648_M	4
FGRRES_03650	2
FGRRES_03651	2
FGRRES_03652	6
FGRRES_03653	2
FGRRES_03654	3
FGRRES_03655	3
FGRRES_03656	5
FGRRES_03657	4
FGRRES_03658	3
FGRRES_03659	2
FGRRES_03661	2
FGRRES_03662	2
FGRRES_03664	2
FGRRES_03666	5
FGRRES_03667	6
FGRRES_03668	2
FGRRES_03669	4
FGRRES_03671_M	3
FGRRES_03672	3
FGRRES_03673	1
FGRRES_03674_M	4
FGRRES_03675	1
FGRRES_03676	2
FGRRES_03678	3
FGRRES_03679	3
FGRRES_03680	4
FGRRES_03681_M	5
FGRRES_03682	3
FGRRES_03683	7
FGRRES_03685	4
FGRRES_03686_M	4
FGRRES_03687_M	3
FGRRES_03688	6
FGRRES_03689	3
FGRRES_03690	6
FGRRES_03691	4
FGRRES_03692	7
FGRRES_03693	3
FGRRES_03694	7
FGRRES_03695	1
FGRRES_03696_M	1
FGRRES_03697_M	7
FGRRES_03698	2
FGRRES_03699	5
FGRRES_03700	3
FGRRES_03701_M	3
FGRRES_03702	4
FGRRES_03703_M	1
FGRRES_03704_M	2
FGRRES_03706_M	2
FGRRES_03708	2
FGRRES_03710	4
FGRRES_03711	5
FGRRES_03713	3
FGRRES_03714	4
FGRRES_03715	2
FGRRES_03716	4
FGRRES_03717	3
FGRRES_03718	3
FGRRES_03719	3
FGRRES_03723	3
FGRRES_03724	1
FGRRES_03725	1
FGRRES_03727	4
FGRRES_03728	3
FGRRES_03729	3
FGRRES_03730	4
FGRRES_03731	3
FGRRES_03732_M	8
FGRRES_03733	4
FGRRES_03734	3
FGRRES_03735_2_M	22
FGRRES_03737	2
FGRRES_03738	2
FGRRES_03739_M	4
FGRRES_03741	6
FGRRES_03742	1
FGRRES_03744	5
FGRRES_03745	2
FGRRES_03747	3
FGRRES_03748	3
FGRRES_03749_M	3
FGRRES_03750	2
FGRRES_03751_M	4
FGRRES_03752_M	3
FGRRES_03754_M	3
FGRRES_03755	6
FGRRES_03757	2
FGRRES_03758	1
FGRRES_03759	3
FGRRES_03760	5
FGRRES_03761	3
FGRRES_03762	1
FGRRES_03763_M	2
FGRRES_03765	3
FGRRES_03766	2
FGRRES_03767	2
FGRRES_03768	4
FGRRES_03769	1
FGRRES_03770	4
FGRRES_03771	3
FGRRES_03772	3
FGRRES_03774	2
FGRRES_03775	3
FGRRES_03776_M	3
FGRRES_03777	2
FGRRES_03778	5
FGRRES_03779	1
FGRRES_03780	2
FGRRES_03781	3
FGRRES_03784	7
FGRRES_03785_M	3
FGRRES_03786	4
FGRRES_03788	3
FGRRES_03789	2
FGRRES_03790_M	1
FGRRES_03792	2
FGRRES_03793	3
FGRRES_03794_M	5
FGRRES_03795	3
FGRRES_03796	4
FGRRES_03797	4
FGRRES_03798_M	3
FGRRES_03800	3
FGRRES_03801	5
FGRRES_03802	6
FGRRES_03803_M	3
FGRRES_03804	2
FGRRES_03806	3
FGRRES_03807	4
FGRRES_03808	2
FGRRES_03811	4
FGRRES_03812	3
FGRRES_03813	2
FGRRES_03814	3
FGRRES_03815_M	4
FGRRES_03816_M	7
FGRRES_03817	2
FGRRES_03818	2
FGRRES_03819	5
FGRRES_03820	3
FGRRES_03822	3
FGRRES_03824	2
FGRRES_03825	5
FGRRES_03826	2
FGRRES_03827_M	3
FGRRES_03828	1
FGRRES_03829	2
FGRRES_03831	2
FGRRES_03832	2
FGRRES_03833	3
FGRRES_03834	10
FGRRES_03835	10
FGRRES_03836	8
FGRRES_03837_M	4
FGRRES_03838	2
FGRRES_03839	2
FGRRES_03840	3
FGRRES_03842	4
FGRRES_03844	3
FGRRES_03846	2
FGRRES_03847	4
FGRRES_03848_M	5
FGRRES_03849	3
FGRRES_03851	4
FGRRES_03853	3
FGRRES_03854_M	3
FGRRES_03855_M	8
FGRRES_03856_M	5
FGRRES_03857	6
FGRRES_03858	6
FGRRES_03859	2
FGRRES_03860	3
FGRRES_03861	6
FGRRES_03862_M	6
FGRRES_03864	3
FGRRES_03865	5
FGRRES_03866	3
FGRRES_03867_M	3
FGRRES_03868	3
FGRRES_03869	2
FGRRES_03871	2
FGRRES_03872_M	5
FGRRES_03873_M	8
FGRRES_03874	4
FGRRES_03878	3
FGRRES_03879	2
FGRRES_03880	2
FGRRES_03881	3
FGRRES_03882	7
FGRRES_03883	4
FGRRES_03884	2
FGRRES_03886	2
FGRRES_03887	7
FGRRES_03888_M	2
FGRRES_03889	5
FGRRES_03890	2
FGRRES_03891	3
FGRRES_03892	1
FGRRES_03893	2
FGRRES_03894_M	5
FGRRES_03896	2
FGRRES_03897_M	8
FGRRES_03898	3
FGRRES_03899	2
FGRRES_03900	3
FGRRES_03901	2
FGRRES_03902	2
FGRRES_03903	2
FGRRES_03904	9
FGRRES_03905	2
FGRRES_03906	5
FGRRES_03907	3
FGRRES_03908	4
FGRRES_03909_M	5
FGRRES_03911	3
FGRRES_03912	2
FGRRES_03913	2
FGRRES_03914	4
FGRRES_03915	3
FGRRES_03916	2
FGRRES_03917	3
FGRRES_03918	2
FGRRES_03919	2
FGRRES_03920	4
FGRRES_03922	2
FGRRES_03923	6
FGRRES_03924	6
FGRRES_03925	2
FGRRES_03927	2
FGRRES_03928	2
FGRRES_03929	5
FGRRES_03930_M	4
FGRRES_03931	3
FGRRES_03932	8
FGRRES_03933	6
FGRRES_03934_M	6
FGRRES_03935	5
FGRRES_03936	5
FGRRES_03937	6
FGRRES_03938	5
FGRRES_03939	2
FGRRES_03940	4
FGRRES_03941	7
FGRRES_03942	3
FGRRES_03943_M	3
FGRRES_03944	2
FGRRES_03946	2
FGRRES_03947	2
FGRRES_03951	5
FGRRES_03952	5
FGRRES_03953_M	2
FGRRES_03954	3
FGRRES_03956	3
FGRRES_03957	10
FGRRES_03958	3
FGRRES_03960	4
FGRRES_03962	1
FGRRES_03963	7
FGRRES_03964	7
FGRRES_03965	4
FGRRES_03966	5
FGRRES_03967	4
FGRRES_03968	2
FGRRES_03969	2
FGRRES_03971	2
FGRRES_03972	6
FGRRES_03975	3
FGRRES_03976	2
FGRRES_03977	3
FGRRES_03978	2
FGRRES_03979	3
FGRRES_03980_M	3
FGRRES_03981_M	6
FGRRES_03984	2
FGRRES_03985	5
FGRRES_03986	2
FGRRES_03987_M	6
FGRRES_03988	3
FGRRES_03989	3
FGRRES_03990	1
FGRRES_03991	4
FGRRES_03992	4
FGRRES_03994_M	5
FGRRES_03996	5
FGRRES_03997	1
FGRRES_03998	3
FGRRES_03999	4
FGRRES_04000	3
FGRRES_04001	9
FGRRES_04002	2
FGRRES_04003	3
FGRRES_04004	2
FGRRES_04007	2
FGRRES_04008	4
FGRRES_04009	3
FGRRES_04011	3
FGRRES_04012	2
FGRRES_04013	5
FGRRES_04014	3
FGRRES_04015	5
FGRRES_04016	3
FGRRES_04017	3
FGRRES_04018	3
FGRRES_04019	6
FGRRES_04020	2
FGRRES_04021	1
FGRRES_04022	5
FGRRES_04023	5
FGRRES_04024_M	3
FGRRES_04026	3
FGRRES_04028	3
FGRRES_04029	6
FGRRES_04058_M	4
FGRRES_04059_M	2
FGRRES_04060	4
FGRRES_04062	7
FGRRES_04063	4
FGRRES_04064	3
FGRRES_04065	4
FGRRES_04066	2
FGRRES_04067	2
FGRRES_04068_M	5
FGRRES_04070	2
FGRRES_04071_M	3
FGRRES_04072_M	3
FGRRES_04074	1
FGRRES_04075	2
FGRRES_04077	5
FGRRES_04080_M	4
FGRRES_04312_M	8
FGRRES_04313	7
FGRRES_04314	3
FGRRES_04315	4
FGRRES_04317	6
FGRRES_04366	3
FGRRES_04367	2
FGRRES_04368	3
FGRRES_04369	4
FGRRES_04370	3
FGRRES_04371	4
FGRRES_04372_M	2
FGRRES_04373	3
FGRRES_04374_M	4
FGRRES_04375_M	5
FGRRES_04376	2
FGRRES_04377_M	4
FGRRES_04378	4
FGRRES_04379	2
FGRRES_04380	3
FGRRES_04381	1
FGRRES_04382	5
FGRRES_04383	2
FGRRES_04384	2
FGRRES_04385	3
FGRRES_04386	4
FGRRES_04388	2
FGRRES_04390	4
FGRRES_04391	8
FGRRES_04393	5
FGRRES_04432	2
FGRRES_04433_M	4
FGRRES_04434	1
FGRRES_04435	3
FGRRES_04436	3
FGRRES_04437	3
FGRRES_04438	4
FGRRES_04439	5
FGRRES_04441_M	3
FGRRES_04442	5
FGRRES_04443	3
FGRRES_04444	2
FGRRES_04445_M	3
FGRRES_04447	2
FGRRES_04448	2
FGRRES_04450	2
FGRRES_04451	3
FGRRES_04453	3
FGRRES_04454	3
FGRRES_04455	3
FGRRES_04456	8
FGRRES_04457	3
FGRRES_04458	2
FGRRES_04459	3
FGRRES_04460_M	5
FGRRES_04461	3
FGRRES_04462	3
FGRRES_04463	1
FGRRES_04465_M	8
FGRRES_04468	2
FGRRES_04469	5
FGRRES_04470	2
FGRRES_04471	2
FGRRES_04472	4
FGRRES_04473_M	3
FGRRES_04474	3
FGRRES_04475	3
FGRRES_04476	4
FGRRES_04477	3
FGRRES_04478	2
FGRRES_04479	3
FGRRES_04480	4
FGRRES_04481	3
FGRRES_04482	2
FGRRES_04483	4
FGRRES_04484	2
FGRRES_04485	4
FGRRES_04486	3
FGRRES_04487	3
FGRRES_04488_M	2
FGRRES_04489	2
FGRRES_04490	3
FGRRES_04493	4
FGRRES_04494	2
FGRRES_04495	3
FGRRES_04496_M	1
FGRRES_04498_M	4
FGRRES_04499	2
FGRRES_04500	5
FGRRES_04502	4
FGRRES_04503	3
FGRRES_04504	3
FGRRES_04507	5
FGRRES_04510	3
FGRRES_04511_M	4
FGRRES_04512	2
FGRRES_04514	3
FGRRES_04516	3
FGRRES_04517	3
FGRRES_04518	4
FGRRES_04519	5
FGRRES_04520_M	4
FGRRES_04521	4
FGRRES_04522_M	4
FGRRES_04524	4
FGRRES_04525	7
FGRRES_04526_M	4
FGRRES_04527	7
FGRRES_04528	3
FGRRES_04529_M	5
FGRRES_04531	3
FGRRES_04532_M	6
FGRRES_04533_M	5
FGRRES_04534_M	6
FGRRES_04535	1
FGRRES_04537	6
FGRRES_04538	7
FGRRES_04539	3
FGRRES_04540	2
FGRRES_04541	3
FGRRES_04542	3
FGRRES_04543	3
FGRRES_04544_5_M	9
FGRRES_04546	4
FGRRES_04547	2
FGRRES_04548	2
FGRRES_04550_M	3
FGRRES_04552	2
FGRRES_04553_M	2
FGRRES_04554	3
FGRRES_04555_M	4
FGRRES_04556	3
FGRRES_04557_M	1
FGRRES_04558	2
FGRRES_04560	2
FGRRES_04561	2
FGRRES_04562	3
FGRRES_04563	2
FGRRES_04565	3
FGRRES_04567	3
FGRRES_04568_M	2
FGRRES_04569	4
FGRRES_04570	3
FGRRES_04571	5
FGRRES_04572	4
FGRRES_04574	3
FGRRES_04575	3
FGRRES_04577	3
FGRRES_04578	2
FGRRES_04579	4
FGRRES_04580	4
FGRRES_04581	3
FGRRES_04582	4
FGRRES_04583	2
FGRRES_04584	6
FGRRES_04587_M	4
FGRRES_04588	3
FGRRES_04589	2
FGRRES_04590	8
FGRRES_04591	7
FGRRES_04592	6
FGRRES_04593	7
FGRRES_04595_M	5
FGRRES_04596	7
FGRRES_04597_M	3
FGRRES_04598	2
FGRRES_04599	3
FGRRES_04600	3
FGRRES_04603	4
FGRRES_04604	3
FGRRES_04605	6
FGRRES_04606	2
FGRRES_04607	2
FGRRES_04610	4
FGRRES_04611	4
FGRRES_04612	2
FGRRES_04613	4
FGRRES_04614	4
FGRRES_04615	2
FGRRES_04616	3
FGRRES_04617	6
FGRRES_04618_M	2
FGRRES_04619	6
FGRRES_04620	4
FGRRES_04621	4
FGRRES_04622_M	3
FGRRES_04623_M	5
FGRRES_04624	4
FGRRES_04626	5
FGRRES_04627	5
FGRRES_04628_M	6
FGRRES_04629	8
FGRRES_04630	2
FGRRES_04633_M	4
FGRRES_04635	4
FGRRES_04636	5
FGRRES_04637	6
FGRRES_04638_M	10
FGRRES_04639	3
FGRRES_04640	11
FGRRES_04641	2
FGRRES_04642	3
FGRRES_04643	5
FGRRES_04645_M	3
FGRRES_04646_M	3
FGRRES_04647	2
FGRRES_04649_M	2
FGRRES_04650	2
FGRRES_04652_M	2
FGRRES_04654	5
FGRRES_04655	4
FGRRES_04656	5
FGRRES_04657	3
FGRRES_04658_M	6
FGRRES_04659	2
FGRRES_04660_M	2
FGRRES_04661	2
FGRRES_04662	3
FGRRES_04663	2
FGRRES_04665	2
FGRRES_04666	4
FGRRES_04667	4
FGRRES_04669	3
FGRRES_04670_M	4
FGRRES_04671_M	7
FGRRES_04672	6
FGRRES_04673	5
FGRRES_04674	4
FGRRES_04675	2
FGRRES_04676	5
FGRRES_04677	3
FGRRES_04678	2
FGRRES_04679	8
FGRRES_04681_M	2
FGRRES_04682	2
FGRRES_04683	4
FGRRES_04685	3
FGRRES_04686	3
FGRRES_04687	2
FGRRES_04688	4
FGRRES_04689	5
FGRRES_04689_M	6
FGRRES_04692	2
FGRRES_04693	6
FGRRES_04694	12
FGRRES_04695	3
FGRRES_04696_M	8
FGRRES_04697_M	3
FGRRES_04698	4
FGRRES_04699_M	3
FGRRES_04700	5
FGRRES_04701_M	6
FGRRES_04702_M	3
FGRRES_04703	5
FGRRES_04704	3
FGRRES_04705	4
FGRRES_04706	4
FGRRES_04707	2
FGRRES_04708	1
FGRRES_04709	3
FGRRES_04710	5
FGRRES_04712	3
FGRRES_04714_M	1
FGRRES_04717	6
FGRRES_04719	2
FGRRES_04720	3
FGRRES_04722	2
FGRRES_04723	2
FGRRES_04726	2
FGRRES_04727	3
FGRRES_04728	4
FGRRES_04729_M	2
FGRRES_04731	4
FGRRES_04732	7
FGRRES_04733	6
FGRRES_04734	2
FGRRES_04735	2
FGRRES_04736	3
FGRRES_04738	2
FGRRES_04739	2
FGRRES_04740	2
FGRRES_04741	3
FGRRES_04742_M	1
FGRRES_04743	3
FGRRES_04744	4
FGRRES_04745	4
FGRRES_04746	2
FGRRES_04747	3
FGRRES_04748	5
FGRRES_04749	7
FGRRES_04750	6
FGRRES_04752_M	9
FGRRES_04753_M	11
FGRRES_04754_M	8
FGRRES_04755	5
FGRRES_04756_M	5
FGRRES_04757	2
FGRRES_04758	4
FGRRES_04760_M	3
FGRRES_04761_M	4
FGRRES_04763	4
FGRRES_04765	2
FGRRES_04766	4
FGRRES_04767	2
FGRRES_04768	3
FGRRES_04773	2
FGRRES_04774	4
FGRRES_04775	4
FGRRES_04776	5
FGRRES_04777	5
FGRRES_04780	3
FGRRES_04781	2
FGRRES_04782	5
FGRRES_04783	7
FGRRES_04784	3
FGRRES_04785	4
FGRRES_04786	3
FGRRES_04787	3
FGRRES_04788	2
FGRRES_04789_90_M	5
FGRRES_04792	3
FGRRES_04793	6
FGRRES_04794	3
FGRRES_04795	1
FGRRES_04796	3
FGRRES_04797	4
FGRRES_04798	4
FGRRES_04799	2
FGRRES_04800	3
FGRRES_04801	3
FGRRES_04802	5
FGRRES_04803	3
FGRRES_04804	2
FGRRES_04805	3
FGRRES_04806_M	3
FGRRES_04810	6
FGRRES_04811	2
FGRRES_04813	2
FGRRES_04814	2
FGRRES_04816	3
FGRRES_04817	3
FGRRES_04818	3
FGRRES_04819	4
FGRRES_04823_M	7
FGRRES_04824	2
FGRRES_04826	3
FGRRES_04827	4
FGRRES_04828	3
FGRRES_04829	3
FGRRES_04832	2
FGRRES_04836	2
FGRRES_04837	9
FGRRES_04840	7
FGRRES_04841	3
FGRRES_04842_M	3
FGRRES_04845	6
FGRRES_04848	3
FGRRES_04850	5
FGRRES_04853	2
FGRRES_04855	2
FGRRES_04856	2
FGRRES_04858	2
FGRRES_04861	2
FGRRES_04862	3
FGRRES_04863	3
FGRRES_04864	4
FGRRES_04866	3
FGRRES_04867	2
FGRRES_04869	9
FGRRES_04870	3
FGRRES_04871	3
FGRRES_04872	2
FGRRES_04873	3
FGRRES_04874	2
FGRRES_04875	2
FGRRES_04876	3
FGRRES_04878	2
FGRRES_04879	11
FGRRES_04881_M	4
FGRRES_04883	2
FGRRES_04922_M	3
FGRRES_04923	4
FGRRES_04924	4
FGRRES_04925	4
FGRRES_04927	3
FGRRES_04928	2
FGRRES_04929	3
FGRRES_04930	3
FGRRES_04931	2
FGRRES_04932	4
FGRRES_04933	2
FGRRES_05709	2
FGRRES_05710	2
FGRRES_05712	2
FGRRES_05713_M	6
FGRRES_05714	2
FGRRES_05715	2
FGRRES_05716_M	3
FGRRES_05749	4
FGRRES_05751	2
FGRRES_05752	3
FGRRES_05757_M	1
FGRRES_05758	2
FGRRES_05760	3
FGRRES_05761	8
FGRRES_05762	5
FGRRES_05763	2
FGRRES_05765_M	4
FGRRES_05766	5
FGRRES_05784	3
FGRRES_05785	1
FGRRES_05788	4
FGRRES_05789	3
FGRRES_05790	2
FGRRES_05791	3
FGRRES_05793	6
FGRRES_05795	2
FGRRES_05796	4
FGRRES_05797	5
FGRRES_05798	2
FGRRES_05799	3
FGRRES_05801	4
FGRRES_05802	1
FGRRES_05803	4
FGRRES_05805	4
FGRRES_05806	4
FGRRES_05807	3
FGRRES_05808	3
FGRRES_05809	4
FGRRES_05811	2
FGRRES_05812	4
FGRRES_05814	3
FGRRES_05815	2
FGRRES_05816	3
FGRRES_05817	2
FGRRES_05818_M	4
FGRRES_05819	6
FGRRES_05821	5
FGRRES_05822	2
FGRRES_05824	8
FGRRES_05825	2
FGRRES_05826	2
FGRRES_05827	5
FGRRES_05828	3
FGRRES_05829	2
FGRRES_05831	4
FGRRES_05832	3
FGRRES_05834_M	14
FGRRES_05835	2
FGRRES_05836	4
FGRRES_05837	2
FGRRES_05838	2
FGRRES_05839	3
FGRRES_05841	4
FGRRES_05842	2
FGRRES_05843	5
FGRRES_05844	6
FGRRES_05845	5
FGRRES_05846	2
FGRRES_05847	4
FGRRES_05848	2
FGRRES_05849	2
FGRRES_05850	3
FGRRES_05851	3
FGRRES_05852	3
FGRRES_05853	3
FGRRES_05854	5
FGRRES_05856	3
FGRRES_05857	3
FGRRES_05858	4
FGRRES_05859	2
FGRRES_05862	4
FGRRES_05863	4
FGRRES_05864	4
FGRRES_05865	3
FGRRES_05868	4
FGRRES_05870	2
FGRRES_05871	3
FGRRES_05872	2
FGRRES_05874	2
FGRRES_05876	3
FGRRES_05877_M	3
FGRRES_05878	3
FGRRES_05881	2
FGRRES_05882	4
FGRRES_06431	6
FGRRES_06432_M	3
FGRRES_06433	3
FGRRES_06436	4
FGRRES_06437_M	4
FGRRES_06439	5
FGRRES_06440	5
FGRRES_06442	5
FGRRES_06443	3
FGRRES_06444	5
FGRRES_06445	6
FGRRES_06447_M	4
FGRRES_06448_M	5
FGRRES_06449	3
FGRRES_06450_M	5
FGRRES_06451	2
FGRRES_06452	3
FGRRES_06453	5
FGRRES_06454	3
FGRRES_06455	3
FGRRES_06457	4
FGRRES_06459	3
FGRRES_06460_M	6
FGRRES_06462	4
FGRRES_06463	3
FGRRES_06464	3
FGRRES_06465	3
FGRRES_06466	3
FGRRES_06467	4
FGRRES_06468	5
FGRRES_06469	4
FGRRES_06470	3
FGRRES_06471	4
FGRRES_06473_M	6
FGRRES_06474	2
FGRRES_06475_M	8
FGRRES_06476	4
FGRRES_06477	5
FGRRES_06478	4
FGRRES_06479	1
FGRRES_06480	4
FGRRES_06482	2
FGRRES_06483	2
FGRRES_06485	10
FGRRES_06487	6
FGRRES_06488	3
FGRRES_06489_M	2
FGRRES_06490	3
FGRRES_06491	5
FGRRES_06492	2
FGRRES_06493	3
FGRRES_06494	2
FGRRES_06495	2
FGRRES_06496_M	6
FGRRES_06497	4
FGRRES_06498	3
FGRRES_06500	2
FGRRES_06502	3
FGRRES_06503_M	9
FGRRES_06506	2
FGRRES_06507	2
FGRRES_06508	2
FGRRES_06509	3
FGRRES_06510	3
FGRRES_06511	3
FGRRES_06512	3
FGRRES_06513	3
FGRRES_06514	3
FGRRES_06515	2
FGRRES_06516	7
FGRRES_06517	5
FGRRES_06518	2
FGRRES_06519	2
FGRRES_06520	4
FGRRES_06521	2
FGRRES_06522	3
FGRRES_06523	2
FGRRES_06524	4
FGRRES_06526	3
FGRRES_06527	4
FGRRES_06528	4
FGRRES_06529_M	3
FGRRES_06530	4
FGRRES_06531	2
FGRRES_06532_M	5
FGRRES_06533	4
FGRRES_06534	6
FGRRES_06536	3
FGRRES_06537	3
FGRRES_06538	3
FGRRES_06539	4
FGRRES_06540	2
FGRRES_06541	4
FGRRES_06542_M	6
FGRRES_06544	3
FGRRES_06545	5
FGRRES_06546_M	2
FGRRES_06547	2
FGRRES_06548	2
FGRRES_06549	6
FGRRES_06550_M	4
FGRRES_06551_M	6
FGRRES_06553	8
FGRRES_06554	4
FGRRES_06558	2
FGRRES_06560	7
FGRRES_06561	2
FGRRES_06562	2
FGRRES_06564_M	3
FGRRES_06566	5
FGRRES_06569_M	2
FGRRES_06570	3
FGRRES_06571_M	5
FGRRES_06572	4
FGRRES_06573	4
FGRRES_06574	4
FGRRES_06575	2
FGRRES_06576_M	4
FGRRES_06577	2
FGRRES_06578	3
FGRRES_06579	4
FGRRES_06580	3
FGRRES_06581	3
FGRRES_06583	4
FGRRES_06584	2
FGRRES_06586	4
FGRRES_06587	4
FGRRES_06588	3
FGRRES_06893	4
FGRRES_06894	2
FGRRES_06895	3
FGRRES_06897	3
FGRRES_06898_M	3
FGRRES_06899_M	7
FGRRES_07068	1
FGRRES_07069	3
FGRRES_07070	3
FGRRES_07071	3
FGRRES_07072_M	3
FGRRES_07073	4
FGRRES_07074	4
FGRRES_07075_M	12
FGRRES_07076	5
FGRRES_07198	6
FGRRES_07199	4
FGRRES_07200	4
FGRRES_07201	3
FGRRES_07202_M	1
FGRRES_07205	5
FGRRES_07206	5
FGRRES_07207	2
FGRRES_07208	4
FGRRES_07209	4
FGRRES_07210	3
FGRRES_07211	3
FGRRES_07212	3
FGRRES_07213_M	4
FGRRES_07214	2
FGRRES_07217_M	3
FGRRES_07218	5
FGRRES_07220	3
FGRRES_07221	6
FGRRES_07222	4
FGRRES_07223	5
FGRRES_07224	6
FGRRES_07225	3
FGRRES_07226_M	4
FGRRES_07227	9
FGRRES_07347	4
FGRRES_07348	4
FGRRES_07349	3
FGRRES_07350	3
FGRRES_07351	4
FGRRES_07352_M	7
FGRRES_07353_M	10
FGRRES_07354	2
FGRRES_07355	2
FGRRES_07527	4
FGRRES_07528	3
FGRRES_07529	5
FGRRES_07531	3
FGRRES_07532_M	2
FGRRES_07533	3
FGRRES_07534	4
FGRRES_07535	2
FGRRES_07536_M	3
FGRRES_07537_M	3
FGRRES_07538	2
FGRRES_07539	3
FGRRES_07540	3
FGRRES_07541	3
FGRRES_07542	8
FGRRES_07543	5
FGRRES_07544	2
FGRRES_07545	3
FGRRES_07546	3
FGRRES_07547	2
FGRRES_07549	5
FGRRES_07550	3
FGRRES_07551	5
FGRRES_07553	2
FGRRES_07554	4
FGRRES_07555	3
FGRRES_07557	3
FGRRES_07558	2
FGRRES_07559	2
FGRRES_07560	2
FGRRES_07562	3
FGRRES_07564	1
FGRRES_07567	3
FGRRES_07568	6
FGRRES_07569	3
FGRRES_07570	3
FGRRES_07572	2
FGRRES_07573_M	6
FGRRES_07574_M	4
FGRRES_07575_M	7
FGRRES_07576	4
FGRRES_07578	2
FGRRES_07579	7
FGRRES_07580	7
FGRRES_07581	2
FGRRES_07582	5
FGRRES_07583	2
FGRRES_07584	9
FGRRES_07585	4
FGRRES_07587	3
FGRRES_07588	2
FGRRES_07589	4
FGRRES_07590	4
FGRRES_07592	2
FGRRES_07593	2
FGRRES_07594	4
FGRRES_07596	7
FGRRES_07597	4
FGRRES_07598	1
FGRRES_07599	3
FGRRES_07600	3
FGRRES_07602	3
FGRRES_07603	4
FGRRES_07604	2
FGRRES_07605	3
FGRRES_07606	6
FGRRES_07608	6
FGRRES_07610	6
FGRRES_07611	3
FGRRES_07612	7
FGRRES_07613	5
FGRRES_07614	5
FGRRES_07615	7
FGRRES_07623	3
FGRRES_07624	2
FGRRES_07625	2
FGRRES_07628	5
FGRRES_07629	2
FGRRES_07630	3
FGRRES_07631	8
FGRRES_07632	4
FGRRES_07633	4
FGRRES_07634	3
FGRRES_07636	3
FGRRES_07639	2
FGRRES_07640	3
FGRRES_07641	4
FGRRES_07642	2
FGRRES_07643	8
FGRRES_07644	3
FGRRES_07645	2
FGRRES_07648_M	5
FGRRES_07649_M	6
FGRRES_07650	2
FGRRES_07651	2
FGRRES_07652	2
FGRRES_07655_M	6
FGRRES_07656	2
FGRRES_07657	3
FGRRES_07658	4
FGRRES_07659	3
FGRRES_07660	10
FGRRES_07661	3
FGRRES_07662_M	9
FGRRES_07663	5
FGRRES_07665	3
FGRRES_07666	3
FGRRES_07667	3
FGRRES_07668	3
FGRRES_07669	4
FGRRES_07670	3
FGRRES_07671	2
FGRRES_07672	2
FGRRES_07674	6
FGRRES_07676	2
FGRRES_07678	3
FGRRES_07679	1
FGRRES_07680	3
FGRRES_07683	3
FGRRES_07684_M	2
FGRRES_07685	1
FGRRES_07686_M	2
FGRRES_07687	3
FGRRES_07688	2
FGRRES_07692	4
FGRRES_07693_M	5
FGRRES_07695	2
FGRRES_07696	4
FGRRES_07698	2
FGRRES_07699	1
FGRRES_07700	3
FGRRES_07701	6
FGRRES_07702	6
FGRRES_07704	2
FGRRES_07707	4
FGRRES_07708	2
FGRRES_07709_M	4
FGRRES_07710_M	1
FGRRES_07711	2
FGRRES_07713_M	3
FGRRES_07716	4
FGRRES_07717	3
FGRRES_07720	5
FGRRES_07721	3
FGRRES_07722_M	7
FGRRES_07723	4
FGRRES_07725_M	8
FGRRES_07726	3
FGRRES_07728	3
FGRRES_07729_M	2
FGRRES_07730	5
FGRRES_07731_M	5
FGRRES_07734	12
FGRRES_07737	5
FGRRES_07738	8
FGRRES_07739_M	7
FGRRES_07741_M	3
FGRRES_07742	4
FGRRES_07743	6
FGRRES_07744	10
FGRRES_07747	4
FGRRES_07748	9
FGRRES_07750_M	2
FGRRES_07751_M	3
FGRRES_07752_M	3
FGRRES_07753	3
FGRRES_07754	4
FGRRES_07755	5
FGRRES_07756_M	2
FGRRES_07757	5
FGRRES_07758	2
FGRRES_07759_M	3
FGRRES_07760	1
FGRRES_07761_M	3
FGRRES_07762	3
FGRRES_07763	2
FGRRES_07764	3
FGRRES_07765	6
FGRRES_07766	4
FGRRES_07767	3
FGRRES_07768	2
FGRRES_07769	2
FGRRES_07771	5
FGRRES_07772	6
FGRRES_07773_M	1
FGRRES_07774	4
FGRRES_07775	2
FGRRES_07778	2
FGRRES_07780	2
FGRRES_07781	4
FGRRES_07782_M	4
FGRRES_07783	2
FGRRES_07784	3
FGRRES_07785	8
FGRRES_07787	3
FGRRES_07788	2
FGRRES_07789	3
FGRRES_07790	3
FGRRES_07791_M	2
FGRRES_07792	3
FGRRES_07793	2
FGRRES_07794	5
FGRRES_07795	2
FGRRES_07797	2
FGRRES_07798	4
FGRRES_07801	2
FGRRES_07802	2
FGRRES_07807	3
FGRRES_07808	5
FGRRES_07809	2
FGRRES_07810	2
FGRRES_07812_M	7
FGRRES_07813	7
FGRRES_07815	1
FGRRES_07818	3
FGRRES_07819	3
FGRRES_07821	3
FGRRES_07822	4
FGRRES_07823	2
FGRRES_07824	2
FGRRES_07826	3
FGRRES_07829	2
FGRRES_07830	3
FGRRES_07832	2
FGRRES_07833	3
FGRRES_07834	4
FGRRES_07835	3
FGRRES_07972	2
FGRRES_07973	4
FGRRES_07974	2
FGRRES_07976	2
FGRRES_07979	4
FGRRES_07980	4
FGRRES_07981	4
FGRRES_07982_M	3
FGRRES_07984	4
FGRRES_07987	4
FGRRES_07988	2
FGRRES_07990	2
FGRRES_07993	3
FGRRES_07996_M	4
FGRRES_07997	4
FGRRES_07998	2
FGRRES_07999	3
FGRRES_08001	2
FGRRES_08002	2
FGRRES_08003	2
FGRRES_08004_M	4
FGRRES_08005_M	6
FGRRES_08006	3
FGRRES_08009	3
FGRRES_08011	8
FGRRES_08012	5
FGRRES_08014	4
FGRRES_08015	2
FGRRES_08016	6
FGRRES_08017	2
FGRRES_08021_M	5
FGRRES_08022	3
FGRRES_08023	6
FGRRES_08024	4
FGRRES_08025	3
FGRRES_08026	3
FGRRES_08027_M	7
FGRRES_08028_M	4
FGRRES_08030	3
FGRRES_08032	3
FGRRES_08033	3
FGRRES_08034	4
FGRRES_08035	3
FGRRES_08036	2
FGRRES_08037	4
FGRRES_08038	3
FGRRES_08039	8
FGRRES_08040	1
FGRRES_08041_M	2
FGRRES_08042	3
FGRRES_08043	2
FGRRES_08044	3
FGRRES_08045	3
FGRRES_08046	4
FGRRES_08047	4
FGRRES_08048	3
FGRRES_08049	3
FGRRES_08050_M	3
FGRRES_08053	9
FGRRES_08054	5
FGRRES_08055	3
FGRRES_08058	2
FGRRES_08059	3
FGRRES_08061	2
FGRRES_08062	2
FGRRES_08063	3
FGRRES_08064	7
FGRRES_08065	4
FGRRES_08066	4
FGRRES_08067	3
FGRRES_08068_M	4
FGRRES_08069_M	3
FGRRES_08070	3
FGRRES_08071	4
FGRRES_08072	2
FGRRES_08073_M	2
FGRRES_08074_M	3
FGRRES_08076	4
FGRRES_08077	3
FGRRES_08078	8
FGRRES_08079	4
FGRRES_08080	2
FGRRES_08081	4
FGRRES_08082	3
FGRRES_08083	3
FGRRES_08084	4
FGRRES_08085	3
FGRRES_08087	4
FGRRES_08089	3
FGRRES_08090_M	4
FGRRES_08091_M	2
FGRRES_08092	2
FGRRES_08093	5
FGRRES_08094	3
FGRRES_08095	3
FGRRES_08096	4
FGRRES_08097	13
FGRRES_08098_M	4
FGRRES_08099	10
FGRRES_08100_M	2
FGRRES_08103	2
FGRRES_08104	3
FGRRES_08105	2
FGRRES_08106	3
FGRRES_08109_M	2
FGRRES_08110	2
FGRRES_08113_M	5
FGRRES_08114_M	5
FGRRES_08115	3
FGRRES_08116	2
FGRRES_08117	2
FGRRES_08118	2
FGRRES_08119	3
FGRRES_08120	3
FGRRES_08121	10
FGRRES_08122	3
FGRRES_08123	2
FGRRES_08125	2
FGRRES_08126	4
FGRRES_08127	2
FGRRES_08128	3
FGRRES_08129	2
FGRRES_08130	3
FGRRES_08131	2
FGRRES_08133	6
FGRRES_08134	2
FGRRES_08135	4
FGRRES_08136	4
FGRRES_08137	2
FGRRES_08138	5
FGRRES_08139	13
FGRRES_08140	3
FGRRES_08142	2
FGRRES_08144	4
FGRRES_08145	2
FGRRES_08146	4
FGRRES_08147	6
FGRRES_08148	2
FGRRES_08150	2
FGRRES_08152	3
FGRRES_08154	4
FGRRES_08156	4
FGRRES_08157	3
FGRRES_08158	4
FGRRES_08159	3
FGRRES_08160	3
FGRRES_08161	2
FGRRES_08163_M	10
FGRRES_08164	2
FGRRES_08165	3
FGRRES_08167	4
FGRRES_08169	6
FGRRES_08171	3
FGRRES_08172	4
FGRRES_08173	3
FGRRES_08174	3
FGRRES_08175	4
FGRRES_08176	3
FGRRES_08177	6
FGRRES_08178	2
FGRRES_08179	4
FGRRES_08180	2
FGRRES_08181_M	3
FGRRES_08182	3
FGRRES_08183	5
FGRRES_08184	7
FGRRES_08185	4
FGRRES_08187	7
FGRRES_08188_M	3
FGRRES_08190	3
FGRRES_08192	3
FGRRES_08193_M	10
FGRRES_08194	3
FGRRES_08196	2
FGRRES_08197_M	4
FGRRES_08198_M	5
FGRRES_08199	2
FGRRES_08200_M	5
FGRRES_08201	7
FGRRES_08203	3
FGRRES_08204	4
FGRRES_08206	3
FGRRES_08207_M	4
FGRRES_08208	4
FGRRES_08209	5
FGRRES_08210	4
FGRRES_08211	3
FGRRES_08214	3
FGRRES_08220	2
FGRRES_08221	5
FGRRES_08222	5
FGRRES_08224	9
FGRRES_08226	3
FGRRES_08229_M	5
FGRRES_08230	5
FGRRES_08231	2
FGRRES_08232	2
FGRRES_08233	5
FGRRES_08235_M	4
FGRRES_08236	5
FGRRES_08237_M	2
FGRRES_08238	2
FGRRES_08240	2
FGRRES_08242	3
FGRRES_08243_M	3
FGRRES_08244	3
FGRRES_08245	3
FGRRES_08246_M	3
FGRRES_08247	5
FGRRES_08248	5
FGRRES_08250_M	5
FGRRES_08251	3
FGRRES_08252	4
FGRRES_08253	3
FGRRES_08254	2
FGRRES_08255	4
FGRRES_08258	5
FGRRES_08261	3
FGRRES_08262_M	2
FGRRES_08263	2
FGRRES_08264	4
FGRRES_08265	3
FGRRES_08266	5
FGRRES_08267	3
FGRRES_08268	3
FGRRES_08269	2
FGRRES_08270	2
FGRRES_08273	2
FGRRES_08275_M	4
FGRRES_08276	3
FGRRES_08277	4
FGRRES_08279	8
FGRRES_08281_M	1
FGRRES_08282	6
FGRRES_08283	3
FGRRES_08284	4
FGRRES_08285_M	3
FGRRES_08286	2
FGRRES_08290	5
FGRRES_08291	3
FGRRES_08292	2
FGRRES_08293	4
FGRRES_08294	5
FGRRES_08295	4
FGRRES_08298	2
FGRRES_08299	3
FGRRES_08321	4
FGRRES_08322	5
FGRRES_08323	2
FGRRES_08324	2
FGRRES_08325	2
FGRRES_08328_M	6
FGRRES_08329	6
FGRRES_08330	4
FGRRES_08331	2
FGRRES_08332	3
FGRRES_08333_M	3
FGRRES_08334	4
FGRRES_08335_M	1
FGRRES_08336	3
FGRRES_08337	3
FGRRES_08338	4
FGRRES_08339	3
FGRRES_08341	5
FGRRES_08342_M	5
FGRRES_08343	8
FGRRES_08344	4
FGRRES_08346	1
FGRRES_08347	2
FGRRES_08348	4
FGRRES_08349	4
FGRRES_08350	5
FGRRES_08351	4
FGRRES_08352	2
FGRRES_08353	3
FGRRES_08358	3
FGRRES_08359	5
FGRRES_08360	2
FGRRES_08361	2
FGRRES_08362	2
FGRRES_08364	2
FGRRES_08365	3
FGRRES_08367	3
FGRRES_08368_M	2
FGRRES_08818	2
FGRRES_08819	3
FGRRES_08821	2
FGRRES_08823	5
FGRRES_08824	2
FGRRES_08825	5
FGRRES_08829	3
FGRRES_08830	4
FGRRES_08831	6
FGRRES_08832_M	7
FGRRES_08833	5
FGRRES_08834	4
FGRRES_08835	3
FGRRES_08836	2
FGRRES_08837	3
FGRRES_08838	3
FGRRES_08840	6
FGRRES_08841	3
FGRRES_08844	2
FGRRES_08845	3
FGRRES_08846	2
FGRRES_08847	4
FGRRES_08849	6
FGRRES_08850	3
FGRRES_08851	4
FGRRES_08853	3
FGRRES_08854	9
FGRRES_08855	3
FGRRES_08856	3
FGRRES_08857	1
FGRRES_08858_M	4
FGRRES_08860	5
FGRRES_08861	4
FGRRES_08863	5
FGRRES_08864	3
FGRRES_08865	5
FGRRES_08866_M	4
FGRRES_08869	5
FGRRES_08871	4
FGRRES_08954	3
FGRRES_08955_M	6
FGRRES_08956_M	6
FGRRES_08958	2
FGRRES_08959_M	2
FGRRES_08960	4
FGRRES_08961	3
FGRRES_08962	2
FGRRES_08964	3
FGRRES_08965	2
FGRRES_08967	4
FGRRES_08968	4
FGRRES_08969	3
FGRRES_08971	1
FGRRES_08972	3
FGRRES_08973	2
FGRRES_08974	2
FGRRES_08976_M	3
FGRRES_08977	2
FGRRES_08978	2
FGRRES_08979	3
FGRRES_08980	2
FGRRES_08983	2
FGRRES_08985	5
FGRRES_08986	3
FGRRES_08987	3
FGRRES_08988	3
FGRRES_08990_M	4
FGRRES_08991_13495_M	8
FGRRES_08992	2
FGRRES_08995	3
FGRRES_08996	2
FGRRES_08997	8
FGRRES_08999	5
FGRRES_09000	4
FGRRES_09001	3
FGRRES_09002	1
FGRRES_09003	4
FGRRES_09004_M	4
FGRRES_09005_M	6
FGRRES_09006_M	7
FGRRES_09007	2
FGRRES_09008	2
FGRRES_09010_M	11
FGRRES_09011	3
FGRRES_09012	4
FGRRES_09013_M	4
FGRRES_09014	5
FGRRES_09016_M	4
FGRRES_09017	3
FGRRES_09018	4
FGRRES_09019	4
FGRRES_09020	3
FGRRES_09021	3
FGRRES_09022	3
FGRRES_09023	2
FGRRES_09025	5
FGRRES_09026_M	1
FGRRES_09028	5
FGRRES_09031	3
FGRRES_09032_M	5
FGRRES_09034	3
FGRRES_09035	2
FGRRES_09036_M	3
FGRRES_09037_M	2
FGRRES_09038	2
FGRRES_09039_M	4
FGRRES_09040	3
FGRRES_09041	3
FGRRES_09042	5
FGRRES_09044_M	3
FGRRES_09045	4
FGRRES_09048_M	5
FGRRES_09049	4
FGRRES_09051	3
FGRRES_09052	10
FGRRES_09053	7
FGRRES_09054	5
FGRRES_09056	6
FGRRES_09058	3
FGRRES_09059	3
FGRRES_09060	5
FGRRES_09061	3
FGRRES_09062_M	4
FGRRES_09063	3
FGRRES_09064_M	6
FGRRES_09065	3
FGRRES_09066	3
FGRRES_09067	2
FGRRES_09068	4
FGRRES_09070	3
FGRRES_09071	4
FGRRES_09072	3
FGRRES_09073	3
FGRRES_09074	2
FGRRES_09075_M	5
FGRRES_09076	5
FGRRES_09077	2
FGRRES_09078	3
FGRRES_09079_M	5
FGRRES_09080	2
FGRRES_09081	2
FGRRES_09082	2
FGRRES_09083_M	2
FGRRES_09085_M	10
FGRRES_09086_M	4
FGRRES_09087	5
FGRRES_09088	3
FGRRES_09089_M	4
FGRRES_09090	4
FGRRES_09091_M	4
FGRRES_09092_M	6
FGRRES_09093	2
FGRRES_09094	2
FGRRES_09095	3
FGRRES_09096	2
FGRRES_09099	3
FGRRES_09100	2
FGRRES_09101	2
FGRRES_09102	3
FGRRES_09103	6
FGRRES_09104_M	9
FGRRES_09106	6
FGRRES_09107	2
FGRRES_09108	5
FGRRES_09109	2
FGRRES_09110	6
FGRRES_09111	2
FGRRES_09112	4
FGRRES_09113	3
FGRRES_09114	2
FGRRES_09115	4
FGRRES_09118	5
FGRRES_09119_M	3
FGRRES_09120_M	2
FGRRES_09121	5
FGRRES_09122	5
FGRRES_09123	6
FGRRES_09124	4
FGRRES_09125	4
FGRRES_09126	3
FGRRES_09127	5
FGRRES_09128	4
FGRRES_09129	7
FGRRES_09131_M	3
FGRRES_09132	5
FGRRES_09133	4
FGRRES_09134	5
FGRRES_09135_M	2
FGRRES_09136	4
FGRRES_09137	5
FGRRES_09138	2
FGRRES_09139_40_17163_M	1
FGRRES_09141_M	4
FGRRES_09142	1
FGRRES_09143_M	5
FGRRES_09144	3
FGRRES_09145	2
FGRRES_09146_M	4
FGRRES_09147	5
FGRRES_09148	2
FGRRES_09150_M	5
FGRRES_09151_M	6
FGRRES_09153_M	6
FGRRES_09154	2
FGRRES_09155	1
FGRRES_09156	3
FGRRES_09157	3
FGRRES_09158	3
FGRRES_09159	3
FGRRES_09160	9
FGRRES_09161	6
FGRRES_09162	3
FGRRES_09163	4
FGRRES_09164	5
FGRRES_09165	3
FGRRES_09166	2
FGRRES_09167	6
FGRRES_09168	3
FGRRES_09169	1
FGRRES_09170	2
FGRRES_09171	3
FGRRES_09173	2
FGRRES_09174	4
FGRRES_09175	4
FGRRES_09176	4
FGRRES_09177	6
FGRRES_09178	3
FGRRES_09179	4
FGRRES_09180	3
FGRRES_09181	2
FGRRES_09184	4
FGRRES_09185_M	6
FGRRES_09187	2
FGRRES_09189	3
FGRRES_09191	5
FGRRES_09193	7
FGRRES_09194_M	1
FGRRES_09195	4
FGRRES_09196	1
FGRRES_09197	3
FGRRES_09199	6
FGRRES_09200	2
FGRRES_09201	3
FGRRES_09202	4
FGRRES_09204	1
FGRRES_09205	3
FGRRES_09206	4
FGRRES_09207_M	4
FGRRES_09210	3
FGRRES_09211	3
FGRRES_09212	3
FGRRES_09213_M	2
FGRRES_09214	2
FGRRES_09216	5
FGRRES_09217	1
FGRRES_09218	3
FGRRES_09220	6
FGRRES_09221	3
FGRRES_09222	3
FGRRES_09223	3
FGRRES_09224	4
FGRRES_09226	2
FGRRES_09227	5
FGRRES_09229	3
FGRRES_09230	4
FGRRES_09231	3
FGRRES_09232	3
FGRRES_09233_M	8
FGRRES_09235	2
FGRRES_09236	5
FGRRES_09237_M	4
FGRRES_09238	3
FGRRES_09239	3
FGRRES_09240	3
FGRRES_09241	5
FGRRES_09243	2
FGRRES_09244	5
FGRRES_09245	5
FGRRES_09247	4
FGRRES_09248	4
FGRRES_09249	2
FGRRES_09250	4
FGRRES_09251	3
FGRRES_09252	3
FGRRES_09254	2
FGRRES_09255	3
FGRRES_09257	3
FGRRES_09258	2
FGRRES_09259	3
FGRRES_09260	2
FGRRES_09261	3
FGRRES_09262	4
FGRRES_09263_M	5
FGRRES_09264	3
FGRRES_09265	2
FGRRES_09331	3
FGRRES_09332	4
FGRRES_09333	2
FGRRES_09334	3
FGRRES_09335	1
FGRRES_09336	3
FGRRES_09337	5
FGRRES_09338_M	5
FGRRES_09339	4
FGRRES_09340	3
FGRRES_09341	5
FGRRES_09342	4
FGRRES_09343_M	3
FGRRES_09344	4
FGRRES_09345	4
FGRRES_09346	4
FGRRES_09347	2
FGRRES_09348_M	5
FGRRES_09350	2
FGRRES_09351	4
FGRRES_09352_M	5
FGRRES_09353	2
FGRRES_09354	3
FGRRES_09356_M	2
FGRRES_09357_M	2
FGRRES_09358	4
FGRRES_09359	3
FGRRES_09360	2
FGRRES_09361	4
FGRRES_09362	3
FGRRES_09363	3
FGRRES_09364	2
FGRRES_09365	3
FGRRES_09366	1
FGRRES_09367	5
FGRRES_09368	3
FGRRES_09369	3
FGRRES_09370	5
FGRRES_09372	2
FGRRES_09373	2
FGRRES_09374_M	4
FGRRES_09375	2
FGRRES_09376	2
FGRRES_09378	2
FGRRES_09379	2
FGRRES_09380	4
FGRRES_09381	5
FGRRES_09382	5
FGRRES_09383	3
FGRRES_09384	3
FGRRES_09385	4
FGRRES_09386	4
FGRRES_09388_M	7
FGRRES_09389	2
FGRRES_09390	2
FGRRES_09391	2
FGRRES_09392	4
FGRRES_09393	3
FGRRES_09394	2
FGRRES_09395	3
FGRRES_09396_M	7
FGRRES_09397	4
FGRRES_09398	3
FGRRES_09400	3
FGRRES_09401	3
FGRRES_09402_M	5
FGRRES_09403	4
FGRRES_09406	2
FGRRES_09408	4
FGRRES_09409	2
FGRRES_09410	3
FGRRES_09412	4
FGRRES_09413	3
FGRRES_09414	2
FGRRES_09416	2
FGRRES_09417_M	4
FGRRES_09418	7
FGRRES_09420_M	4
FGRRES_09421	7
FGRRES_09422	4
FGRRES_09423_M	5
FGRRES_09424	3
FGRRES_09427	3
FGRRES_09429	3
FGRRES_09430	5
FGRRES_09431	1
FGRRES_09432	5
FGRRES_09434	3
FGRRES_09435	4
FGRRES_09436	3
FGRRES_09438_M	3
FGRRES_09439_M	8
FGRRES_09634	3
FGRRES_09635	3
FGRRES_09636	7
FGRRES_09637	4
FGRRES_09638	4
FGRRES_09639	3
FGRRES_09641	5
FGRRES_09642	2
FGRRES_09643	5
FGRRES_09644	3
FGRRES_09645	2
FGRRES_09646	4
FGRRES_09647	1
FGRRES_10168	2
FGRRES_10170	3
FGRRES_10171	2
FGRRES_10172	4
FGRRES_10173	3
FGRRES_10174	6
FGRRES_10175	2
FGRRES_10331	6
FGRRES_10333	4
FGRRES_10336	2
FGRRES_10341	2
FGRRES_10343	1
FGRRES_10344	5
FGRRES_10345	6
FGRRES_10346	3
FGRRES_10390	4
FGRRES_10391	2
FGRRES_10392	3
FGRRES_10393	3
FGRRES_10394	5
FGRRES_10395	4
FGRRES_10396	3
FGRRES_10397	5
FGRRES_10399	2
FGRRES_10400	5
FGRRES_10401	3
FGRRES_10402	2
FGRRES_10403	2
FGRRES_10404	3
FGRRES_10405_M	3
FGRRES_10406	3
FGRRES_10407	3
FGRRES_10408_M	4
FGRRES_10411_M	4
FGRRES_10412	3
FGRRES_10413	1
FGRRES_10415	2
FGRRES_10417	2
FGRRES_10418	4
FGRRES_10419	3
FGRRES_10420	3
FGRRES_10421	3
FGRRES_10422	3
FGRRES_10423	3
FGRRES_10424	3
FGRRES_10426	3
FGRRES_10428	3
FGRRES_10429	5
FGRRES_10431_M	2
FGRRES_10432_M	12
FGRRES_10433	2
FGRRES_10434	2
FGRRES_10435	4
FGRRES_10437	2
FGRRES_10441_M	4
FGRRES_10442	2
FGRRES_10443	3
FGRRES_10444	4
FGRRES_10445	2
FGRRES_10446	2
FGRRES_10447	4
FGRRES_10448	3
FGRRES_10450_M	4
FGRRES_10454_M	2
FGRRES_10455	2
FGRRES_10456_M	3
FGRRES_10457_M	2
FGRRES_10458	2
FGRRES_10459_M	3
FGRRES_10461	4
FGRRES_10463	2
FGRRES_10464	7
FGRRES_10465	2
FGRRES_10467	3
FGRRES_10470	8
FGRRES_10472	4
FGRRES_10473	7
FGRRES_10474	4
FGRRES_10475_M	2
FGRRES_10476	2
FGRRES_10477	4
FGRRES_10478	3
FGRRES_10480	5
FGRRES_10481	3
FGRRES_10482	4
FGRRES_10483	4
FGRRES_10485	4
FGRRES_10486	4
FGRRES_10487	9
FGRRES_10488_M	1
FGRRES_10489	5
FGRRES_10490	5
FGRRES_10492	3
FGRRES_10493	7
FGRRES_10495	3
FGRRES_10496	3
FGRRES_10497_M	2
FGRRES_10498	4
FGRRES_10499	3
FGRRES_10500	2
FGRRES_10501	2
FGRRES_10502	5
FGRRES_10503	2
FGRRES_10504	3
FGRRES_10506	4
FGRRES_10507	2
FGRRES_10508	5
FGRRES_10510	2
FGRRES_10511	6
FGRRES_10512	1
FGRRES_10513_M	5
FGRRES_10516	3
FGRRES_10518	9
FGRRES_10519	2
FGRRES_10522	4
FGRRES_10523	3
FGRRES_10524	5
FGRRES_10525	4
FGRRES_10526	2
FGRRES_10527	2
FGRRES_10528	3
FGRRES_10529	4
FGRRES_10530	3
FGRRES_10531	3
FGRRES_10532	1
FGRRES_10533	5
FGRRES_10534	2
FGRRES_10535	4
FGRRES_10537	4
FGRRES_10538	4
FGRRES_10539	6
FGRRES_10540	9
FGRRES_10542	2
FGRRES_10543	2
FGRRES_10545	3
FGRRES_10546	3
FGRRES_10547_M	8
FGRRES_10549	5
FGRRES_10550_M	9
FGRRES_10551	2
FGRRES_10552_M	3
FGRRES_10553	3
FGRRES_10554	4
FGRRES_10555	3
FGRRES_10556	5
FGRRES_10557_M	2
FGRRES_10558	3
FGRRES_10559	4
FGRRES_10560	5
FGRRES_10561	5
FGRRES_10562	2
FGRRES_10563_M	2
FGRRES_10565	7
FGRRES_10567	5
FGRRES_10569	13
FGRRES_10570	10
FGRRES_10571	7
FGRRES_10573	16
FGRRES_10576	2
FGRRES_10578	3
FGRRES_10579	10
FGRRES_10580	4
FGRRES_10581	5
FGRRES_10582	2
FGRRES_10583	3
FGRRES_10584	3
FGRRES_10585	2
FGRRES_10587	13
FGRRES_10588	3
FGRRES_10589	4
FGRRES_10592	3
FGRRES_10593	2
FGRRES_10594_M	2
FGRRES_10595	3
FGRRES_10597	2
FGRRES_10598	2
FGRRES_10599	2
FGRRES_10600	2
FGRRES_10601	3
FGRRES_10602	2
FGRRES_10603	2
FGRRES_10604	4
FGRRES_10605	4
FGRRES_10606	3
FGRRES_10607_M	4
FGRRES_10608	3
FGRRES_10609	7
FGRRES_10611	5
FGRRES_10612	3
FGRRES_10613	2
FGRRES_10614	4
FGRRES_10616	3
FGRRES_10617	4
FGRRES_10618	5
FGRRES_10619	4
FGRRES_10623	3
FGRRES_10625	5
FGRRES_10626	2
FGRRES_10629	4
FGRRES_10631	6
FGRRES_10634	4
FGRRES_10636	5
FGRRES_10638	3
FGRRES_10639	9
FGRRES_10642	4
FGRRES_10644	4
FGRRES_10646	4
FGRRES_10647	2
FGRRES_10651	3
FGRRES_10655	2
FGRRES_10659	2
FGRRES_10660	2
FGRRES_10661	3
FGRRES_10663	3
FGRRES_10664	2
FGRRES_10665	2
FGRRES_10666	2
FGRRES_10668	5
FGRRES_10669	4
FGRRES_10670	4
FGRRES_10672	4
FGRRES_10673	3
FGRRES_10675	4
FGRRES_10676	4
FGRRES_10677	9
FGRRES_10678	3
FGRRES_10680	2
FGRRES_10683	2
FGRRES_10684_M	4
FGRRES_10685	3
FGRRES_10686_M	2
FGRRES_10687	2
FGRRES_10688	3
FGRRES_10689_M	7
FGRRES_10690	2
FGRRES_10692	3
FGRRES_10693	5
FGRRES_10694_M	6
FGRRES_10695	7
FGRRES_10696	4
FGRRES_10697	4
FGRRES_10698_M	4
FGRRES_10702	3
FGRRES_10706	11
FGRRES_10707	3
FGRRES_10708	7
FGRRES_10709	4
FGRRES_10710	5
FGRRES_10711	3
FGRRES_10712	3
FGRRES_10713	3
FGRRES_10715	4
FGRRES_10984	3
FGRRES_10985	4
FGRRES_10986	3
FGRRES_10987	3
FGRRES_10989	3
FGRRES_10990	3
FGRRES_10991	3
FGRRES_10992	2
FGRRES_10993	6
FGRRES_10994	7
FGRRES_10995	6
FGRRES_10996	3
FGRRES_10997	3
FGRRES_10998	4
FGRRES_10999	4
FGRRES_11000_M	2
FGRRES_11001	3
FGRRES_11003	5
FGRRES_11005	1
FGRRES_11006	7
FGRRES_11008	2
FGRRES_11009	2
FGRRES_11011	3
FGRRES_11012	4
FGRRES_11013_M	2
FGRRES_11014_M	3
FGRRES_11015	3
FGRRES_11016	3
FGRRES_11017	2
FGRRES_11018	2
FGRRES_11019	6
FGRRES_11022	6
FGRRES_11023	1
FGRRES_11024	4
FGRRES_11025	1
FGRRES_11026	3
FGRRES_11027	2
FGRRES_11028	3
FGRRES_11029	2
FGRRES_11030	7
FGRRES_11031	2
FGRRES_11032	2
FGRRES_11033	4
FGRRES_11035_M	3
FGRRES_11036	3
FGRRES_11037	4
FGRRES_11038	4
FGRRES_11039	5
FGRRES_11040	4
FGRRES_11042	4
FGRRES_11043	2
FGRRES_11044	2
FGRRES_11045	1
FGRRES_11046	2
FGRRES_11047	5
FGRRES_11048	2
FGRRES_11049	4
FGRRES_11050	3
FGRRES_11051_M	7
FGRRES_11052	3
FGRRES_11053	3
FGRRES_11054	4
FGRRES_11055	2
FGRRES_11056	3
FGRRES_11057	6
FGRRES_11058	2
FGRRES_11059	4
FGRRES_11060	3
FGRRES_11061	3
FGRRES_11062	6
FGRRES_11063	2
FGRRES_11064	5
FGRRES_11065_M	4
FGRRES_11066	4
FGRRES_11067	1
FGRRES_11069	5
FGRRES_11070	5
FGRRES_11071	2
FGRRES_11072	4
FGRRES_11073	2
FGRRES_11074	10
FGRRES_11076	3
FGRRES_11077	2
FGRRES_11078	3
FGRRES_11079_M	7
FGRRES_11080	5
FGRRES_11081	5
FGRRES_11082	4
FGRRES_11083	6
FGRRES_11084	7
FGRRES_11085	2
FGRRES_11086	2
FGRRES_11087	6
FGRRES_11088	5
FGRRES_11089	2
FGRRES_11091	1
FGRRES_11092	4
FGRRES_11093	7
FGRRES_11094	1
FGRRES_11095	1
FGRRES_11097	4
FGRRES_11098	8
FGRRES_11099	9
FGRRES_11101_M	8
FGRRES_11103	4
FGRRES_11104	3
FGRRES_11105	10
FGRRES_11106	5
FGRRES_11110	2
FGRRES_11111	5
FGRRES_11112	1
FGRRES_11113	5
FGRRES_11114	3
FGRRES_11116	2
FGRRES_11121	3
FGRRES_11122	4
FGRRES_11123	2
FGRRES_11124	4
FGRRES_11125	1
FGRRES_11126	2
FGRRES_11127	3
FGRRES_11128	4
FGRRES_11129	4
FGRRES_11130	2
FGRRES_11131	5
FGRRES_11132	3
FGRRES_11135	5
FGRRES_11136	3
FGRRES_11137	3
FGRRES_11139	4
FGRRES_11141	1
FGRRES_11142	3
FGRRES_11143	2
FGRRES_11145	6
FGRRES_11146	10
FGRRES_11147	4
FGRRES_11148	3
FGRRES_11149	3
FGRRES_11150	3
FGRRES_11152_3_M	8
FGRRES_11153	3
FGRRES_11154	2
FGRRES_11155	3
FGRRES_11156	2
FGRRES_11157	2
FGRRES_11158	5
FGRRES_11159	1
FGRRES_11160	3
FGRRES_11161	7
FGRRES_11162	2
FGRRES_11163	6
FGRRES_11164	4
FGRRES_11166	2
FGRRES_11167	2
FGRRES_11169	6
FGRRES_11171	4
FGRRES_11172_M	1
FGRRES_11173	4
FGRRES_11174_M	7
FGRRES_11175	5
FGRRES_11176	9
FGRRES_11177	3
FGRRES_11178_M	5
FGRRES_11179	6
FGRRES_11180	3
FGRRES_11181	4
FGRRES_11182	7
FGRRES_11184	4
FGRRES_11185	6
FGRRES_11186	5
FGRRES_11187	4
FGRRES_11189	3
FGRRES_11190	4
FGRRES_11191	3
FGRRES_11192	6
FGRRES_11193	2
FGRRES_11195	2
FGRRES_11196	3
FGRRES_11200	2
FGRRES_11202	2
FGRRES_11203	2
FGRRES_11204	2
FGRRES_11205	3
FGRRES_11206	6
FGRRES_11208	4
FGRRES_11210	3
FGRRES_11211	2
FGRRES_11212	1
FGRRES_11213	5
FGRRES_11215	5
FGRRES_11217	5
FGRRES_11218	1
FGRRES_11219	5
FGRRES_11222	2
FGRRES_11225	3
FGRRES_11227	1
FGRRES_11228	3
FGRRES_11229	2
FGRRES_11230	1
FGRRES_11231	1
FGRRES_11232	2
FGRRES_11233	2
FGRRES_11234_M	13
FGRRES_11236	3
FGRRES_11238	2
FGRRES_11240	5
FGRRES_11241	3
FGRRES_11244	4
FGRRES_11246	4
FGRRES_11248	3
FGRRES_11249	6
FGRRES_11250	4
FGRRES_11251	7
FGRRES_11252	2
FGRRES_11253_M	2
FGRRES_11254	1
FGRRES_11257	3
FGRRES_11258	2
FGRRES_11260	2
FGRRES_11261	2
FGRRES_11262	3
FGRRES_11263	5
FGRRES_11264	2
FGRRES_11266	2
FGRRES_11269	2
FGRRES_11270	5
FGRRES_11272	5
FGRRES_11273	2
FGRRES_11274	6
FGRRES_11275	4
FGRRES_11276	3
FGRRES_11277	2
FGRRES_11278	2
FGRRES_11280	3
FGRRES_11281	2
FGRRES_11282	1
FGRRES_11284	3
FGRRES_11285	3
FGRRES_11287	3
FGRRES_11289	3
FGRRES_11290	4
FGRRES_11291	3
FGRRES_11292	2
FGRRES_11293	4
FGRRES_11295	7
FGRRES_11296	3
FGRRES_11297	3
FGRRES_11298	2
FGRRES_11299	2
FGRRES_11300	2
FGRRES_11301	5
FGRRES_11302	3
FGRRES_11303	4
FGRRES_11304	4
FGRRES_11305	3
FGRRES_11307	3
FGRRES_11308	5
FGRRES_11309	3
FGRRES_11310	1
FGRRES_11311	2
FGRRES_11312_M	4
FGRRES_11313	3
FGRRES_11314	3
FGRRES_11315	3
FGRRES_11316	3
FGRRES_11317	3
FGRRES_11318	2
FGRRES_11319	3
FGRRES_11320	2
FGRRES_11321	5
FGRRES_11322	1
FGRRES_11323	4
FGRRES_11324	3
FGRRES_11325	4
FGRRES_11326	1
FGRRES_11327	7
FGRRES_11328	2
FGRRES_11329_M	4
FGRRES_11330	3
FGRRES_11332	2
FGRRES_11333_M	3
FGRRES_11335	1
FGRRES_11337	2
FGRRES_11339	5
FGRRES_11340	5
FGRRES_11341	4
FGRRES_11342	4
FGRRES_11343	5
FGRRES_11344	4
FGRRES_11345	2
FGRRES_11347	1
FGRRES_11348	4
FGRRES_11349	1
FGRRES_11350	3
FGRRES_11352	3
FGRRES_11353	3
FGRRES_11354	3
FGRRES_11355	3
FGRRES_11356	2
FGRRES_11357	5
FGRRES_11358	3
FGRRES_11360	2
FGRRES_11361	2
FGRRES_11362	1
FGRRES_11363	2
FGRRES_11364	6
FGRRES_11366	6
FGRRES_11367	1
FGRRES_11368	1
FGRRES_11371	4
FGRRES_11372	1
FGRRES_11373	4
FGRRES_11374	3
FGRRES_11375	3
FGRRES_11376	2
FGRRES_11377	6
FGRRES_11378	4
FGRRES_11379	2
FGRRES_11380_M	3
FGRRES_11381	1
FGRRES_11383	7
FGRRES_11385	9
FGRRES_11386	5
FGRRES_11387	4
FGRRES_11389	1
FGRRES_11391	1
FGRRES_11392	4
FGRRES_11393	3
FGRRES_11394	4
FGRRES_11395	4
FGRRES_11396	7
FGRRES_11397	2
FGRRES_11398	2
FGRRES_11399	5
FGRRES_11400	1
FGRRES_11401	3
FGRRES_11403	4
FGRRES_11405	4
FGRRES_11406	3
FGRRES_11407	4
FGRRES_11408	3
FGRRES_11409	1
FGRRES_11410	4
FGRRES_11411	7
FGRRES_11412	2
FGRRES_11413	2
FGRRES_11415	4
FGRRES_11417	11
FGRRES_11418	2
FGRRES_11420	3
FGRRES_11421	2
FGRRES_11424	7
FGRRES_11426	3
FGRRES_11428	3
FGRRES_11431_M	3
FGRRES_11432	3
FGRRES_11433	3
FGRRES_11435	2
FGRRES_11436	2
FGRRES_11439	7
FGRRES_11440	3
FGRRES_11442	3
FGRRES_11443	4
FGRRES_11445	3
FGRRES_11446	3
FGRRES_11448	2
FGRRES_11449	2
FGRRES_11451	3
FGRRES_11453	5
FGRRES_11454	6
FGRRES_11455	3
FGRRES_11457	1
FGRRES_11460	4
FGRRES_11461	3
FGRRES_11462_M	10
FGRRES_11463	3
FGRRES_11464	3
FGRRES_11467	4
FGRRES_11468	2
FGRRES_11469	10
FGRRES_11470	4
FGRRES_11471	4
FGRRES_11472	3
FGRRES_11473	3
FGRRES_11474	2
FGRRES_11475	5
FGRRES_11477	3
FGRRES_11478	9
FGRRES_11480	4
FGRRES_11483	7
FGRRES_11484	4
FGRRES_11485	4
FGRRES_11486	6
FGRRES_11487	3
FGRRES_11488	2
FGRRES_11492	6
FGRRES_11493	3
FGRRES_11494	3
FGRRES_11495	4
FGRRES_11496	3
FGRRES_11498	8
FGRRES_11499	2
FGRRES_11500	2
FGRRES_11501	3
FGRRES_11502	3
FGRRES_11503	2
FGRRES_11504	5
FGRRES_11505	2
FGRRES_11508	7
FGRRES_11509	5
FGRRES_11512	3
FGRRES_11513_M	3
FGRRES_11514_M	6
FGRRES_11515	4
FGRRES_11516	6
FGRRES_11518	2
FGRRES_11519_M	3
FGRRES_11521	4
FGRRES_11522	5
FGRRES_11523	4
FGRRES_11524_M	9
FGRRES_11525	7
FGRRES_11526	2
FGRRES_11527	2
FGRRES_11528	5
FGRRES_11531_16050_M	9
FGRRES_11533	3
FGRRES_11536	9
FGRRES_11538	4
FGRRES_11539	5
FGRRES_11540	3
FGRRES_11541	3
FGRRES_11542	8
FGRRES_11543_M	3
FGRRES_11544	9
FGRRES_11545	4
FGRRES_11546	3
FGRRES_11547	2
FGRRES_11548	4
FGRRES_11550	5
FGRRES_11552	6
FGRRES_11554	4
FGRRES_11555	3
FGRRES_11556	3
FGRRES_11557	5
FGRRES_11558_M	2
FGRRES_11559	4
FGRRES_11561	3
FGRRES_11562	3
FGRRES_11564	3
FGRRES_11566_M	5
FGRRES_11568	3
FGRRES_11569	7
FGRRES_11572	2
FGRRES_11574	5
FGRRES_11576	2
FGRRES_11577	5
FGRRES_11580	3
FGRRES_11581	5
FGRRES_11582	2
FGRRES_11584	2
FGRRES_11586	2
FGRRES_11587_M	7
FGRRES_11590	5
FGRRES_11592_M	1
FGRRES_11593	4
FGRRES_11595	4
FGRRES_11596	2
FGRRES_11597	5
FGRRES_11600	5
FGRRES_11601	3
FGRRES_11602	4
FGRRES_11603	3
FGRRES_11605	5
FGRRES_11606	5
FGRRES_11609_M	2
FGRRES_11610_M	4
FGRRES_11611	3
FGRRES_11612	3
FGRRES_11613_M	6
FGRRES_11617	3
FGRRES_11618	5
FGRRES_11619	5
FGRRES_11620	3
FGRRES_11622	4
FGRRES_11635_M	7
FGRRES_11641	2
FGRRES_11642	3
FGRRES_11643	3
FGRRES_11644	3
FGRRES_11645	2
FGRRES_11646	5
FGRRES_11647	2
FGRRES_11648_M	2
FGRRES_11649	5
FGRRES_11650	2
FGRRES_11651_2_M	6
FGRRES_11653	2
FGRRES_11654	3
FGRRES_11656	6
FGRRES_11657	9
FGRRES_11658	2
FGRRES_11661	2
FGRRES_11662_M	7
FGRRES_11664	2
FGRRES_11665_M	5
FGRRES_11666	4
FGRRES_11667_M	5
FGRRES_11668	3
FGRRES_11669	2
FGRRES_11670	3
FGRRES_11671	5
FGRRES_11672	3
FGRRES_11674	2
FGRRES_11675	3
FGRRES_11676	2
FGRRES_11677	2
FGRRES_11678	4
FGRRES_11682	2
FGRRES_11683	2
FGRRES_11684	2
FGRRES_11685	3
FGRRES_11686	1
FGRRES_11687	3
FGRRES_11688	2
FGRRES_11689	2
FGRRES_11690	7
FGRRES_11691	2
FGRRES_11692	2
FGRRES_11693	2
FGRRES_11696_M	10
FGRRES_11697	4
FGRRES_11698	1
FGRRES_11699	3
FGRRES_11703	5
FGRRES_11704	2
FGRRES_11706	3
FGRRES_11707	2
FGRRES_11708	5
FGRRES_11709	6
FGRRES_11710	7
FGRRES_11711	2
FGRRES_11712	6
FGRRES_11713	2
FGRRES_11714	3
FGRRES_11715	3
FGRRES_11717	2
FGRRES_11718	2
FGRRES_11719	2
FGRRES_11720	5
FGRRES_11721	2
FGRRES_11722	4
FGRRES_11723	2
FGRRES_11727_M	3
FGRRES_11728	2
FGRRES_11729	1
FGRRES_11730	2
FGRRES_11731	2
FGRRES_11732	4
FGRRES_11734_5_M	4
FGRRES_11735	3
FGRRES_11766	5
FGRRES_11767	2
FGRRES_11864	5
FGRRES_11865	2
FGRRES_11983	1
FGRRES_11984	2
FGRRES_11985	2
FGRRES_11986	3
FGRRES_11987	6
FGRRES_11988	6
FGRRES_11991	2
FGRRES_11992	2
FGRRES_11993	2
FGRRES_11994	2
FGRRES_11995	3
FGRRES_11998_M	2
FGRRES_11999	7
FGRRES_12000	2
FGRRES_12001	2
FGRRES_12008	5
FGRRES_12010_M	2
FGRRES_12011	4
FGRRES_12012	3
FGRRES_12017	2
FGRRES_12018_M	3
FGRRES_12019	2
FGRRES_12020	4
FGRRES_12021	4
FGRRES_12023_M	6
FGRRES_12026_M	2
FGRRES_12053	2
FGRRES_12054	2
FGRRES_12055	4
FGRRES_12056	1
FGRRES_12057	3
FGRRES_12060	3
FGRRES_12061	1
FGRRES_12066	2
FGRRES_12067	2
FGRRES_12068	3
FGRRES_12069	3
FGRRES_12071	2
FGRRES_12072	2
FGRRES_12073	4
FGRRES_12074	4
FGRRES_12077	3
FGRRES_12078	3
FGRRES_12079	6
FGRRES_12080	2
FGRRES_12081	6
FGRRES_12082	8
FGRRES_12083	4
FGRRES_12084	2
FGRRES_12087	3
FGRRES_12088	2
FGRRES_12093	3
FGRRES_12094	4
FGRRES_12095	7
FGRRES_12096_7_M	3
FGRRES_12100	5
FGRRES_12101	2
FGRRES_12102	3
FGRRES_12103_M	4
FGRRES_12104	3
FGRRES_12105	2
FGRRES_12107	2
FGRRES_12108	3
FGRRES_12109	3
FGRRES_12110	4
FGRRES_12111	5
FGRRES_12113	4
FGRRES_12114	2
FGRRES_12119	5
FGRRES_12120	5
FGRRES_12121	2
FGRRES_12123	2
FGRRES_12124_15979_M	7
FGRRES_12128	1
FGRRES_12129	4
FGRRES_12130	3
FGRRES_12131	4
FGRRES_12132	5
FGRRES_12133_M	4
FGRRES_12134	3
FGRRES_12135	4
FGRRES_12136	3
FGRRES_12137	2
FGRRES_12140	2
FGRRES_12167_8_M	7
FGRRES_12201_M	2
FGRRES_12202	2
FGRRES_12206	3
FGRRES_12207	3
FGRRES_12209_M	3
FGRRES_12210	3
FGRRES_12211	4
FGRRES_12212	4
FGRRES_12213_M	4
FGRRES_12214	3
FGRRES_12215	2
FGRRES_12216	3
FGRRES_12217	2
FGRRES_12218	4
FGRRES_12220	2
FGRRES_12221	2
FGRRES_12224_16089_M	10
FGRRES_12227	3
FGRRES_12228	4
FGRRES_12231_2_M	9
FGRRES_12234_M	4
FGRRES_12240	2
FGRRES_12241	3
FGRRES_12242	5
FGRRES_12243	2
FGRRES_12244	3
FGRRES_12245_7_16107_M	11
FGRRES_12248	4
FGRRES_12249_M	3
FGRRES_12250	4
FGRRES_12251	6
FGRRES_12253	2
FGRRES_12254	6
FGRRES_12255	3
FGRRES_12263	4
FGRRES_12264	2
FGRRES_12265	2
FGRRES_12276	2
FGRRES_12310	2
FGRRES_12311	7
FGRRES_12312	7
FGRRES_12315	2
FGRRES_12316	2
FGRRES_12317	2
FGRRES_12318	3
FGRRES_12330	3
FGRRES_12331	2
FGRRES_12332	2
FGRRES_12333	3
FGRRES_12334	2
FGRRES_12335	5
FGRRES_12337	3
FGRRES_12341	5
FGRRES_12342	6
FGRRES_12343	2
FGRRES_12344	2
FGRRES_12345	5
FGRRES_12346_7_M	7
FGRRES_12348	4
FGRRES_12349	2
FGRRES_12350	7
FGRRES_12354	6
FGRRES_12355	3
FGRRES_12356	2
FGRRES_12357	2
FGRRES_12358	4
FGRRES_12361_16189_M	6
FGRRES_12362_M	3
FGRRES_12363	3
FGRRES_12364	2
FGRRES_12365	2
FGRRES_12366	4
FGRRES_12367	3
FGRRES_12368	5
FGRRES_12369	6
FGRRES_12370	2
FGRRES_12373	3
FGRRES_12374	4
FGRRES_12376	7
FGRRES_12377	3
FGRRES_12378_M	8
FGRRES_12379_M	5
FGRRES_12380_M	4
FGRRES_12385	3
FGRRES_12386	2
FGRRES_12387	3
FGRRES_12388_M	2
FGRRES_12389	2
FGRRES_12390	9
FGRRES_12391	2
FGRRES_12393	2
FGRRES_12394	2
FGRRES_12395	3
FGRRES_12397	5
FGRRES_12398	2
FGRRES_12401	2
FGRRES_12402	2
FGRRES_12403_M	7
FGRRES_12404	4
FGRRES_12405_M	2
FGRRES_12407	2
FGRRES_12408	2
FGRRES_12409	3
FGRRES_12411	4
FGRRES_12412	1
FGRRES_12415_M	8
FGRRES_12416	3
FGRRES_12417	2
FGRRES_12418	2
FGRRES_12420	2
FGRRES_12421	2
FGRRES_12422	2
FGRRES_12423	2
FGRRES_12424	3
FGRRES_12425	4
FGRRES_12426_M	2
FGRRES_12427_A_M	2
FGRRES_12427_B_M	6
FGRRES_12432	4
FGRRES_12434	2
FGRRES_12435	2
FGRRES_12436	3
FGRRES_12437	5
FGRRES_12439	2
FGRRES_12440	2
FGRRES_12442	7
FGRRES_12443	2
FGRRES_12444	2
FGRRES_12445	3
FGRRES_12446	2
FGRRES_12449	2
FGRRES_12450	2
FGRRES_12451	3
FGRRES_12452_M	3
FGRRES_12453	2
FGRRES_12454	2
FGRRES_12455	2
FGRRES_12457	3
FGRRES_12458_9_M	7
FGRRES_12460	3
FGRRES_12461	8
FGRRES_12462	2
FGRRES_12463_M	1
FGRRES_12464	2
FGRRES_12465	3
FGRRES_12466	3
FGRRES_12467	2
FGRRES_12468	3
FGRRES_12469	3
FGRRES_12470	2
FGRRES_12471_M	3
FGRRES_12472	3
FGRRES_12473	2
FGRRES_12476	3
FGRRES_12477	3
FGRRES_12478	2
FGRRES_12479	2
FGRRES_12480	2
FGRRES_12481	1
FGRRES_12482_M	3
FGRRES_12483_M	11
FGRRES_12484	2
FGRRES_12485	3
FGRRES_12486	2
FGRRES_12487	2
FGRRES_12488	2
FGRRES_12489	7
FGRRES_12490	7
FGRRES_12491	2
FGRRES_12494	3
FGRRES_12495	1
FGRRES_12497	4
FGRRES_12499	2
FGRRES_12500	3
FGRRES_12501_M	3
FGRRES_12503	3
FGRRES_12504	5
FGRRES_12505	4
FGRRES_12506	2
FGRRES_12507	5
FGRRES_12508	3
FGRRES_12509	2
FGRRES_12512	1
FGRRES_12513	8
FGRRES_12514	3
FGRRES_12515	2
FGRRES_12517	3
FGRRES_12518	4
FGRRES_12519	3
FGRRES_12520	2
FGRRES_12522_M	9
FGRRES_12523	2
FGRRES_12526	3
FGRRES_12528_M	6
FGRRES_12529	6
FGRRES_12531	3
FGRRES_12532	2
FGRRES_12534	4
FGRRES_12535	2
FGRRES_12536	3
FGRRES_12538	2
FGRRES_12539	2
FGRRES_12540	2
FGRRES_12541	2
FGRRES_12542	4
FGRRES_12545_16364_M	6
FGRRES_12546	3
FGRRES_12547	3
FGRRES_12548	2
FGRRES_12549	2
FGRRES_12550	3
FGRRES_12551	2
FGRRES_12552	3
FGRRES_12553_M	5
FGRRES_12554	2
FGRRES_12555_M	3
FGRRES_12556_M	2
FGRRES_12557	2
FGRRES_12559	4
FGRRES_12562	2
FGRRES_12564	3
FGRRES_12570	2
FGRRES_12571	2
FGRRES_12573	1
FGRRES_12575	3
FGRRES_12579	5
FGRRES_12581_2_M	5
FGRRES_12583	2
FGRRES_12584	4
FGRRES_12585	3
FGRRES_12586	4
FGRRES_12587	2
FGRRES_12588	5
FGRRES_12590	3
FGRRES_12591	3
FGRRES_12594	5
FGRRES_12595_M	3
FGRRES_12596	2
FGRRES_12597	4
FGRRES_12598	2
FGRRES_12599	7
FGRRES_12600	5
FGRRES_12602	4
FGRRES_12604	3
FGRRES_12606_M	5
FGRRES_12607	3
FGRRES_12608	3
FGRRES_12609	2
FGRRES_12611	2
FGRRES_12612_3_M	9
FGRRES_12614	2
FGRRES_12615	4
FGRRES_12616	3
FGRRES_12619	3
FGRRES_12622	3
FGRRES_12623_M	4
FGRRES_12624	7
FGRRES_12625	6
FGRRES_12628	2
FGRRES_12629	3
FGRRES_12630	4
FGRRES_12631	7
FGRRES_12632	3
FGRRES_12633_4_M	6
FGRRES_12635	2
FGRRES_12639_M	4
FGRRES_12640_M	5
FGRRES_12641	3
FGRRES_12642	3
FGRRES_12644	2
FGRRES_12645_6_M	9
FGRRES_12647	5
FGRRES_12648_M	3
FGRRES_12790_1_M	4
FGRRES_12792	3
FGRRES_12801	3
FGRRES_12802	3
FGRRES_12803	2
FGRRES_12804	4
FGRRES_12805	2
FGRRES_12805_6_M	3
FGRRES_12812	2
FGRRES_12814	2
FGRRES_12815	2
FGRRES_12816	2
FGRRES_12818	3
FGRRES_12819	2
FGRRES_12820	2
FGRRES_12821	2
FGRRES_12822	2
FGRRES_12823	2
FGRRES_12824	2
FGRRES_12825	2
FGRRES_12826	3
FGRRES_12828	5
FGRRES_12829	5
FGRRES_12830	4
FGRRES_12832	2
FGRRES_12833	2
FGRRES_12834	2
FGRRES_12918	5
FGRRES_12919	2
FGRRES_12920	3
FGRRES_12921	2
FGRRES_12922	4
FGRRES_12923	3
FGRRES_12924	2
FGRRES_12925	5
FGRRES_12928	6
FGRRES_12929_M	2
FGRRES_12930	4
FGRRES_12931	2
FGRRES_12932	2
FGRRES_12933_M	3
FGRRES_12935	2
FGRRES_12936	2
FGRRES_12937	4
FGRRES_12938	3
FGRRES_12939	2
FGRRES_12940	3
FGRRES_12941_M	3
FGRRES_12942	2
FGRRES_13015	2
FGRRES_13043_M	2
FGRRES_13090	4
FGRRES_13093	4
FGRRES_13094_M	4
FGRRES_13095	3
FGRRES_13096	2
FGRRES_13097	2
FGRRES_13098	7
FGRRES_13099	3
FGRRES_13159	4
FGRRES_13160	2
FGRRES_13161_M	7
FGRRES_13162	5
FGRRES_13163	2
FGRRES_13164	2
FGRRES_13165	3
FGRRES_13166	3
FGRRES_13167	2
FGRRES_13168	5
FGRRES_13169	3
FGRRES_13171	2
FGRRES_13175	2
FGRRES_13176_M	5
FGRRES_13178	2
FGRRES_13179	2
FGRRES_13180	2
FGRRES_13181_M	2
FGRRES_13182	2
FGRRES_13183	6
FGRRES_13184	4
FGRRES_13185	2
FGRRES_13186	3
FGRRES_13187	2
FGRRES_13189	2
FGRRES_13191_M	2
FGRRES_13192	2
FGRRES_13193	2
FGRRES_13194	2
FGRRES_13195	2
FGRRES_13196	3
FGRRES_13197	2
FGRRES_13198	6
FGRRES_13199	3
FGRRES_13200	5
FGRRES_13201	3
FGRRES_13202	2
FGRRES_13203	2
FGRRES_13204	5
FGRRES_13207_8_M	6
FGRRES_13209_M	2
FGRRES_13210_M	5
FGRRES_13211	2
FGRRES_13212_M	3
FGRRES_13213	3
FGRRES_13214	3
FGRRES_13215	2
FGRRES_13216	2
FGRRES_13217	3
FGRRES_13218_M	2
FGRRES_13220_M	7
FGRRES_13221	2
FGRRES_13222	2
FGRRES_13223	3
FGRRES_13224	3
FGRRES_13226	5
FGRRES_13227	3
FGRRES_13228	2
FGRRES_13229	3
FGRRES_13230	3
FGRRES_13260	2
FGRRES_13276	4
FGRRES_13277	3
FGRRES_13278	2
FGRRES_13279	2
FGRRES_13280_M	3
FGRRES_13281	4
FGRRES_13282	2
FGRRES_13283	3
FGRRES_13284	6
FGRRES_13285	1
FGRRES_13288	3
FGRRES_13289	2
FGRRES_13375	3
FGRRES_13376	2
FGRRES_13377	5
FGRRES_13378_M	3
FGRRES_13379	4
FGRRES_13380	3
FGRRES_13381	3
FGRRES_13382	2
FGRRES_13383	2
FGRRES_13384	2
FGRRES_13385	5
FGRRES_13386	4
FGRRES_13387	2
FGRRES_13388	4
FGRRES_13389_M	2
FGRRES_13390	2
FGRRES_13392	2
FGRRES_13398	2
FGRRES_13399	2
FGRRES_13400	2
FGRRES_13402	2
FGRRES_13404	4
FGRRES_13405	3
FGRRES_13406	3
FGRRES_13407	2
FGRRES_13408_M	3
FGRRES_13411	2
FGRRES_13412	2
FGRRES_13413	5
FGRRES_13414	3
FGRRES_13415	2
FGRRES_13416	3
FGRRES_13417	2
FGRRES_13418	2
FGRRES_13419	4
FGRRES_13421	2
FGRRES_13422	9
FGRRES_13423	2
FGRRES_13424	2
FGRRES_13425	2
FGRRES_13426	2
FGRRES_13428	2
FGRRES_13429	8
FGRRES_13430	3
FGRRES_13431_M	5
FGRRES_13432	4
FGRRES_13433	3
FGRRES_13434	2
FGRRES_13435_6_M	3
FGRRES_13437	4
FGRRES_13438	4
FGRRES_13440	3
FGRRES_13442	2
FGRRES_13443	4
FGRRES_13444	7
FGRRES_13445	5
FGRRES_13446	2
FGRRES_13447	2
FGRRES_13449	3
FGRRES_13450	3
FGRRES_13451	5
FGRRES_13452	6
FGRRES_13453	9
FGRRES_13455_M	6
FGRRES_13456	2
FGRRES_13457	6
FGRRES_13458	3
FGRRES_13460	3
FGRRES_13462	2
FGRRES_13463	2
FGRRES_13464	2
FGRRES_13465	3
FGRRES_13466	2
FGRRES_13467	3
FGRRES_13470_1_M	6
FGRRES_13476	2
FGRRES_13477	2
FGRRES_13478	4
FGRRES_13480	3
FGRRES_13482	2
FGRRES_13483	5
FGRRES_13487	6
FGRRES_13488_M	2
FGRRES_13489	5
FGRRES_13490	3
FGRRES_13491	4
FGRRES_13492_M	5
FGRRES_13493	7
FGRRES_13494	3
FGRRES_13497	2
FGRRES_13498	3
FGRRES_13499	2
FGRRES_13500_1_M	4
FGRRES_13502_3_M	7
FGRRES_13504	2
FGRRES_13505	3
FGRRES_13506	3
FGRRES_13507	3
FGRRES_13508	2
FGRRES_13509	9
FGRRES_13510	3
FGRRES_13511	2
FGRRES_13512	1
FGRRES_13514	7
FGRRES_13515	3
FGRRES_13516	2
FGRRES_13517	2
FGRRES_13518	2
FGRRES_13519	5
FGRRES_13520	4
FGRRES_13521	3
FGRRES_13522	3
FGRRES_13523	2
FGRRES_13525	2
FGRRES_13526	4
FGRRES_13527	5
FGRRES_13528	2
FGRRES_13529	4
FGRRES_13530	2
FGRRES_13531_M	4
FGRRES_13532	4
FGRRES_13533	2
FGRRES_13534	2
FGRRES_13535	2
FGRRES_13536	3
FGRRES_13537	5
FGRRES_13538_M	3
FGRRES_13539	3
FGRRES_13558	3
FGRRES_13559_M	3
FGRRES_13560	3
FGRRES_13561	2
FGRRES_13562_M	3
FGRRES_13563_M	5
FGRRES_13566	3
FGRRES_13567	4
FGRRES_13568	2
FGRRES_13569	2
FGRRES_13571	4
FGRRES_13572	1
FGRRES_13573	2
FGRRES_13575	5
FGRRES_13576_M	4
FGRRES_13577	3
FGRRES_13580	3
FGRRES_13615_M	3
FGRRES_13662	5
FGRRES_13741	2
FGRRES_13743	2
FGRRES_13750	2
FGRRES_13751_M	3
FGRRES_13752	2
FGRRES_13753	5
FGRRES_13755	2
FGRRES_13756	2
FGRRES_13757	3
FGRRES_13758	2
FGRRES_13759_M	2
FGRRES_13760	2
FGRRES_13761_2_M	7
FGRRES_13763	2
FGRRES_13764	4
FGRRES_13767	2
FGRRES_13768	3
FGRRES_13769	3
FGRRES_13770	2
FGRRES_13771	2
FGRRES_13772	2
FGRRES_13774	3
FGRRES_13775	3
FGRRES_13777	2
FGRRES_13778	3
FGRRES_13779	2
FGRRES_13780	5
FGRRES_13781	6
FGRRES_13782	3
FGRRES_13787	2
FGRRES_13788	2
FGRRES_13793	2
FGRRES_13794	2
FGRRES_13795	1
FGRRES_13798_M	2
FGRRES_13799	2
FGRRES_13800	4
FGRRES_13801_M	4
FGRRES_13805	2
FGRRES_13806	3
FGRRES_13813	2
FGRRES_13815	4
FGRRES_13816	4
FGRRES_13817	4
FGRRES_13818	1
FGRRES_13819	4
FGRRES_13820	2
FGRRES_13822_M	3
FGRRES_13824	4
FGRRES_13826	4
FGRRES_13827	3
FGRRES_13829	4
FGRRES_13830	2
FGRRES_13831	2
FGRRES_13832	2
FGRRES_13833	3
FGRRES_13834	2
FGRRES_13835	2
FGRRES_13837	2
FGRRES_13838	5
FGRRES_13839	6
FGRRES_13841	2
FGRRES_13842	5
FGRRES_13843	2
FGRRES_13844	2
FGRRES_13845	3
FGRRES_13846	1
FGRRES_13848_M	8
FGRRES_13849	3
FGRRES_13855	4
FGRRES_13858	4
FGRRES_13859_M	8
FGRRES_13860	3
FGRRES_13861	3
FGRRES_13863	3
FGRRES_13864_M	3
FGRRES_13865	8
FGRRES_13866	4
FGRRES_13867	3
FGRRES_13868	2
FGRRES_13869	2
FGRRES_13870	6
FGRRES_13871	9
FGRRES_13872	2
FGRRES_13873_M	3
FGRRES_13874	2
FGRRES_13875	5
FGRRES_13876	2
FGRRES_13877_M	3
FGRRES_13879	4
FGRRES_13937	4
FGRRES_13940	2
FGRRES_13943	3
FGRRES_13944	2
FGRRES_13945_M	3
FGRRES_13946	2
FGRRES_13947	2
FGRRES_13948	1
FGRRES_13949	3
FGRRES_13950	2
FGRRES_13951	3
FGRRES_13952	4
FGRRES_13953	2
FGRRES_13954	2
FGRRES_13955	3
FGRRES_13956	2
FGRRES_13957	2
FGRRES_13958	4
FGRRES_13959	2
FGRRES_13960	2
FGRRES_13962	2
FGRRES_13963	2
FGRRES_13964	5
FGRRES_13965	2
FGRRES_13971	2
FGRRES_13972	9
FGRRES_13975_M	4
FGRRES_13976	2
FGRRES_13977	2
FGRRES_13978_M	1
FGRRES_13979	2
FGRRES_13981	2
FGRRES_13983	5
FGRRES_13984	2
FGRRES_13987_M	2
FGRRES_13988	3
FGRRES_13991	1
FGRRES_13993	6
FGRRES_13994_M	3
FGRRES_13995_M	2
FGRRES_13996	2
FGRRES_13997	2
FGRRES_13999	1
FGRRES_14000	2
FGRRES_14001	2
FGRRES_14002	5
FGRRES_14003_M	7
FGRRES_14004	1
FGRRES_14008	4
FGRRES_14009	3
FGRRES_14010	4
FGRRES_14013	3
FGRRES_14014	4
FGRRES_14016	5
FGRRES_14017	4
FGRRES_14018	3
FGRRES_14019_M	2
FGRRES_14020_M	3
FGRRES_14021	2
FGRRES_14027_16070_11614_M	6
FGRRES_14028	4
FGRRES_14031_M	7
FGRRES_15001	2
FGRRES_15008	2
FGRRES_15015_M	1
FGRRES_15019	4
FGRRES_15025	5
FGRRES_15034	3
FGRRES_15037	3
FGRRES_15046	2
FGRRES_15047_M	2
FGRRES_15048	2
FGRRES_15049	3
FGRRES_15050	3
FGRRES_15052	2
FGRRES_15053	3
FGRRES_15054_M	1
FGRRES_15055	3
FGRRES_15056	2
FGRRES_15059	3
FGRRES_15060	3
FGRRES_15068	3
FGRRES_15109	3
FGRRES_15122	2
FGRRES_15123	2
FGRRES_15130	3
FGRRES_15131	3
FGRRES_15132	3
FGRRES_15133	5
FGRRES_15134	2
FGRRES_15136_M	3
FGRRES_15137	3
FGRRES_15139	4
FGRRES_15140	3
FGRRES_15141	3
FGRRES_15142	2
FGRRES_15143	3
FGRRES_15144	2
FGRRES_15160_M	3
FGRRES_15163_M	2
FGRRES_15164	2
FGRRES_15165	3
FGRRES_15166	3
FGRRES_15167	2
FGRRES_15168	3
FGRRES_15169	3
FGRRES_15170	2
FGRRES_15171	3
FGRRES_15172	3
FGRRES_15173	2
FGRRES_15174	2
FGRRES_15175	3
FGRRES_15176	2
FGRRES_15177	2
FGRRES_15179	1
FGRRES_15180	4
FGRRES_15181	5
FGRRES_15182	4
FGRRES_15183	1
FGRRES_15184	1
FGRRES_15185	2
FGRRES_15186	3
FGRRES_15187	1
FGRRES_15188_M	5
FGRRES_15189	2
FGRRES_15190	3
FGRRES_15191	1
FGRRES_15192	1
FGRRES_15193	2
FGRRES_15194	3
FGRRES_15195	1
FGRRES_15196	1
FGRRES_15197	3
FGRRES_15198	3
FGRRES_15199	2
FGRRES_15200	4
FGRRES_15201	2
FGRRES_15202	4
FGRRES_15203	2
FGRRES_15204	2
FGRRES_15206	2
FGRRES_15207	3
FGRRES_15208	1
FGRRES_15209	2
FGRRES_15210_M	2
FGRRES_15211	2
FGRRES_15212	4
FGRRES_15213	3
FGRRES_15214	3
FGRRES_15215	3
FGRRES_15216	2
FGRRES_15217	3
FGRRES_15241	3
FGRRES_15244	3
FGRRES_15245	2
FGRRES_15246	3
FGRRES_15247	2
FGRRES_15248	4
FGRRES_15249	2
FGRRES_15250	3
FGRRES_15251	2
FGRRES_15253_M	2
FGRRES_15254	3
FGRRES_15255	2
FGRRES_15256	2
FGRRES_15257	3
FGRRES_15258	4
FGRRES_15259	2
FGRRES_15261	3
FGRRES_15313	3
FGRRES_15314	3
FGRRES_15319	2
FGRRES_15353	3
FGRRES_15354	3
FGRRES_15355	3
FGRRES_15357	3
FGRRES_15358	3
FGRRES_15359	4
FGRRES_15360	2
FGRRES_15361	2
FGRRES_15362	2
FGRRES_15363	3
FGRRES_15364	4
FGRRES_15365	2
FGRRES_15367	3
FGRRES_15410	2
FGRRES_15417	4
FGRRES_15434	2
FGRRES_15435	1
FGRRES_15436	3
FGRRES_15437	3
FGRRES_15438	2
FGRRES_15439	3
FGRRES_15440	3
FGRRES_15441	3
FGRRES_15442	2
FGRRES_15443	3
FGRRES_15444	1
FGRRES_15445	2
FGRRES_15446	2
FGRRES_15447	4
FGRRES_15448_M	3
FGRRES_15454	2
FGRRES_15455	3
FGRRES_15456	4
FGRRES_15458	3
FGRRES_15459	2
FGRRES_15460	3
FGRRES_15461	3
FGRRES_15462	3
FGRRES_15463	2
FGRRES_15464	2
FGRRES_15465_M	3
FGRRES_15466	3
FGRRES_15467	2
FGRRES_15468	2
FGRRES_15469	3
FGRRES_15470	2
FGRRES_15471	2
FGRRES_15472	3
FGRRES_15473	2
FGRRES_15477	4
FGRRES_15478	2
FGRRES_15516	2
FGRRES_15517	2
FGRRES_15518	3
FGRRES_15519	3
FGRRES_15520	3
FGRRES_15521	2
FGRRES_15533	3
FGRRES_15534	3
FGRRES_15535	2
FGRRES_15536	2
FGRRES_15537	2
FGRRES_15538	4
FGRRES_15543_M	3
FGRRES_15548	3
FGRRES_15549	3
FGRRES_15550	2
FGRRES_15598	2
FGRRES_15599	2
FGRRES_15600	3
FGRRES_15601	2
FGRRES_15602	2
FGRRES_15603	3
FGRRES_15604	3
FGRRES_15605_M	2
FGRRES_15606	3
FGRRES_15607_M	3
FGRRES_15608	3
FGRRES_15609	2
FGRRES_15610	3
FGRRES_15611	3
FGRRES_15612	3
FGRRES_15613	4
FGRRES_15616	4
FGRRES_15630	4
FGRRES_15631	2
FGRRES_15633	4
FGRRES_15634	2
FGRRES_15635	2
FGRRES_15636	1
FGRRES_15637	3
FGRRES_15638	2
FGRRES_15639	4
FGRRES_15640	2
FGRRES_15641	1
FGRRES_15642	3
FGRRES_15643	3
FGRRES_15644	3
FGRRES_15645	3
FGRRES_15646	2
FGRRES_15647	3
FGRRES_15648	2
FGRRES_15649	3
FGRRES_15650	2
FGRRES_15651	2
FGRRES_15652	2
FGRRES_15653	5
FGRRES_15654	3
FGRRES_15655	3
FGRRES_15655_M	3
FGRRES_15656	2
FGRRES_15657_M	3
FGRRES_15658	2
FGRRES_15659	2
FGRRES_15660	3
FGRRES_15661	2
FGRRES_15662	6
FGRRES_15663	3
FGRRES_15669_M	3
FGRRES_15673_M	5
FGRRES_15676	2
FGRRES_15677_M	2
FGRRES_15678_M	10
FGRRES_15679	3
FGRRES_15680_M	3
FGRRES_15682	6
FGRRES_15683	4
FGRRES_15684	5
FGRRES_15685_M	7
FGRRES_15686	5
FGRRES_15687	12
FGRRES_15688	3
FGRRES_15689	5
FGRRES_15690	5
FGRRES_15691	8
FGRRES_15692	5
FGRRES_15693	2
FGRRES_15694	11
FGRRES_15695	10
FGRRES_15696	16
FGRRES_15697	9
FGRRES_15698	3
FGRRES_15699	2
FGRRES_15700	10
FGRRES_15701	5
FGRRES_15702	3
FGRRES_15703	5
FGRRES_15704	3
FGRRES_15705	7
FGRRES_15706	3
FGRRES_15707_M	5
FGRRES_15708_M	4
FGRRES_15709	2
FGRRES_15710	5
FGRRES_15711	5
FGRRES_15712	4
FGRRES_15713	3
FGRRES_15714_M	3
FGRRES_15715	3
FGRRES_15716	6
FGRRES_15717	5
FGRRES_15718	4
FGRRES_15740	3
FGRRES_15741	5
FGRRES_15805	5
FGRRES_15821	9
FGRRES_15822	5
FGRRES_15823	3
FGRRES_15824_M	9
FGRRES_15825	5
FGRRES_15865_M	5
FGRRES_15868	2
FGRRES_15869	3
FGRRES_15870	4
FGRRES_15871	2
FGRRES_15872	3
FGRRES_15873_M	2
FGRRES_15874	3
FGRRES_15875	3
FGRRES_15876	2
FGRRES_15877	5
FGRRES_15878	6
FGRRES_15879	7
FGRRES_15880	6
FGRRES_15881	8
FGRRES_15882	6
FGRRES_15883_M	2
FGRRES_15884	6
FGRRES_15885	10
FGRRES_15886	9
FGRRES_15888	2
FGRRES_15889	8
FGRRES_15890	8
FGRRES_15891	3
FGRRES_15892	6
FGRRES_15893_M	6
FGRRES_15894	6
FGRRES_15895	1
FGRRES_15896	4
FGRRES_15897	7
FGRRES_15898_M	10
FGRRES_15899_M	10
FGRRES_15900	3
FGRRES_15901	7
FGRRES_15920	4
FGRRES_15921	1
FGRRES_15931	2
FGRRES_15932	4
FGRRES_15933	4
FGRRES_15934	2
FGRRES_15935	2
FGRRES_15936	6
FGRRES_15937	4
FGRRES_15938	7
FGRRES_15939	6
FGRRES_15940	6
FGRRES_15941	4
FGRRES_15942_12076_M	8
FGRRES_15943	6
FGRRES_15944	5
FGRRES_15945	6
FGRRES_15946_M	4
FGRRES_15947	2
FGRRES_15948	4
FGRRES_15949	3
FGRRES_15950	2
FGRRES_15951	4
FGRRES_15952	5
FGRRES_15953	9
FGRRES_15954	5
FGRRES_15955	4
FGRRES_15956	4
FGRRES_15957	4
FGRRES_15958	6
FGRRES_15959	3
FGRRES_15960	3
FGRRES_15961	3
FGRRES_15962	6
FGRRES_15963	4
FGRRES_15964	3
FGRRES_15965	4
FGRRES_15966_M	4
FGRRES_15967	6
FGRRES_15968	5
FGRRES_15969	5
FGRRES_15970	4
FGRRES_15971_12118_M	4
FGRRES_15972	4
FGRRES_15973	6
FGRRES_15974	5
FGRRES_15975	1
FGRRES_15976	4
FGRRES_15977	5
FGRRES_15978	2
FGRRES_15980_M	6
FGRRES_15982	6
FGRRES_15983	3
FGRRES_15984	6
FGRRES_15985	2
FGRRES_15986	5
FGRRES_15987	5
FGRRES_15988	2
FGRRES_15989	2
FGRRES_15990	5
FGRRES_15991	4
FGRRES_15992	7
FGRRES_15993	4
FGRRES_15994	6
FGRRES_15995	1
FGRRES_15996	2
FGRRES_15997	1
FGRRES_15998	2
FGRRES_15999_M	8
FGRRES_16024_M	7
FGRRES_16044	3
FGRRES_16045	2
FGRRES_16046	7
FGRRES_16047	3
FGRRES_16048	2
FGRRES_16049	8
FGRRES_16051_M	5
FGRRES_16052	2
FGRRES_16053	5
FGRRES_16054	3
FGRRES_16055	5
FGRRES_16056	5
FGRRES_16057	4
FGRRES_16058	7
FGRRES_16059	9
FGRRES_16060	10
FGRRES_16061	7
FGRRES_16062	8
FGRRES_16063	4
FGRRES_16064	4
FGRRES_16065	4
FGRRES_16066	3
FGRRES_16067	2
FGRRES_16068	2
FGRRES_16069	9
FGRRES_16071	4
FGRRES_16072_M	12
FGRRES_16073	3
FGRRES_16074	2
FGRRES_16075	3
FGRRES_16076_M	9
FGRRES_16077	5
FGRRES_16078	4
FGRRES_16079	3
FGRRES_16080_M	6
FGRRES_16081	5
FGRRES_16082	2
FGRRES_16083	2
FGRRES_16084	3
FGRRES_16085	1
FGRRES_16086	2
FGRRES_16087_8_M	6
FGRRES_16090	6
FGRRES_16091	1
FGRRES_16093	5
FGRRES_16095	3
FGRRES_16097	6
FGRRES_16098	3
FGRRES_16099	2
FGRRES_16100	1
FGRRES_16101	3
FGRRES_16102	4
FGRRES_16103	6
FGRRES_16104	2
FGRRES_16106	2
FGRRES_16108	4
FGRRES_16109	1
FGRRES_16110	3
FGRRES_16111_M	4
FGRRES_16112	2
FGRRES_16113	4
FGRRES_16114	4
FGRRES_16115_M	5
FGRRES_16119	4
FGRRES_16127	4
FGRRES_16138_M	4
FGRRES_16153	2
FGRRES_16154	3
FGRRES_16155	5
FGRRES_16156	4
FGRRES_16157	2
FGRRES_16158	2
FGRRES_16159	3
FGRRES_16160	4
FGRRES_16166	3
FGRRES_16167	5
FGRRES_16168	4
FGRRES_16169	10
FGRRES_16170	3
FGRRES_16171_M	11
FGRRES_16173	2
FGRRES_16174	4
FGRRES_16175	5
FGRRES_16176	3
FGRRES_16177	6
FGRRES_16178	5
FGRRES_16179	2
FGRRES_16180	2
FGRRES_16181	5
FGRRES_16182	4
FGRRES_16183	4
FGRRES_16184_5_M	5
FGRRES_16186	2
FGRRES_16187_M	4
FGRRES_16188	7
FGRRES_16190	4
FGRRES_16191	2
FGRRES_16192_M	2
FGRRES_16193	6
FGRRES_16194	6
FGRRES_16195	7
FGRRES_16196	3
FGRRES_16197	4
FGRRES_16198	2
FGRRES_16199_M	5
FGRRES_16200	5
FGRRES_16201	1
FGRRES_16202	3
FGRRES_16203	1
FGRRES_16204	9
FGRRES_16205	5
FGRRES_16206	2
FGRRES_16207	4
FGRRES_16208	7
FGRRES_16209	2
FGRRES_16210	3
FGRRES_16211	2
FGRRES_16212_M	3
FGRRES_16213_M	10
FGRRES_16215	3
FGRRES_16216	2
FGRRES_16217	2
FGRRES_16218	2
FGRRES_16219_M	3
FGRRES_16220	6
FGRRES_16221	8
FGRRES_16222	3
FGRRES_16223	5
FGRRES_16224	6
FGRRES_16225	4
FGRRES_16226	1
FGRRES_16227	4
FGRRES_16228	6
FGRRES_16229_M	10
FGRRES_16230	3
FGRRES_16231	5
FGRRES_16232_M	1
FGRRES_16233	5
FGRRES_16234	5
FGRRES_16235	4
FGRRES_16236	4
FGRRES_16237	4
FGRRES_16238	4
FGRRES_16239_M	5
FGRRES_16240	6
FGRRES_16241	4
FGRRES_16243	8
FGRRES_16244	7
FGRRES_16245	3
FGRRES_16246_M	7
FGRRES_16247	9
FGRRES_16248	5
FGRRES_16249	1
FGRRES_16250	3
FGRRES_16251	2
FGRRES_16253	12
FGRRES_16254	9
FGRRES_16255	10
FGRRES_16256	3
FGRRES_16257	4
FGRRES_16258	7
FGRRES_16259	2
FGRRES_16260	4
FGRRES_16261	7
FGRRES_16262	3
FGRRES_16263	5
FGRRES_16264	2
FGRRES_16265_M	4
FGRRES_16266	7
FGRRES_16267	6
FGRRES_16268	1
FGRRES_16269	4
FGRRES_16270	5
FGRRES_16271	5
FGRRES_16272	10
FGRRES_16273_M	4
FGRRES_16274_M	7
FGRRES_16275	4
FGRRES_16276	6
FGRRES_16277	2
FGRRES_16278	5
FGRRES_16279	2
FGRRES_16280	3
FGRRES_16281	2
FGRRES_16282	6
FGRRES_16283	3
FGRRES_16284	6
FGRRES_16285	2
FGRRES_16286_M	5
FGRRES_16287	1
FGRRES_16288	2
FGRRES_16289	3
FGRRES_16290	2
FGRRES_16291_M	3
FGRRES_16292_M	5
FGRRES_16293	4
FGRRES_16294	2
FGRRES_16295	3
FGRRES_16296	2
FGRRES_16297	2
FGRRES_16298	3
FGRRES_16299	7
FGRRES_16300_M	5
FGRRES_16301	2
FGRRES_16302	1
FGRRES_16303	2
FGRRES_16304	2
FGRRES_16305	4
FGRRES_16306	3
FGRRES_16308_M	4
FGRRES_16309_M	7
FGRRES_16310	2
FGRRES_16311	6
FGRRES_16312_M	2
FGRRES_16313_M	9
FGRRES_16314	2
FGRRES_16315_M	1
FGRRES_16316	5
FGRRES_16317	6
FGRRES_16319	8
FGRRES_16320	3
FGRRES_16321	5
FGRRES_16322	3
FGRRES_16323	5
FGRRES_16324	2
FGRRES_16325	2
FGRRES_16326_M	6
FGRRES_16327	3
FGRRES_16328	6
FGRRES_16329	2
FGRRES_16330	2
FGRRES_16331_M	4
FGRRES_16332	3
FGRRES_16333	3
FGRRES_16334	10
FGRRES_16335	5
FGRRES_16336	2
FGRRES_16337	3
FGRRES_16338	4
FGRRES_16339_M	10
FGRRES_16340_M	5
FGRRES_16341	4
FGRRES_16342	12
FGRRES_16343_M	1
FGRRES_16344	4
FGRRES_16345	6
FGRRES_16346	3
FGRRES_16347	3
FGRRES_16348	6
FGRRES_16349	4
FGRRES_16350	2
FGRRES_16351	2
FGRRES_16352_M	4
FGRRES_16353	2
FGRRES_16354	6
FGRRES_16355_M	7
FGRRES_16356	4
FGRRES_16357	11
FGRRES_16358	6
FGRRES_16359_A_M	2
FGRRES_16359_B_M	2
FGRRES_16360	2
FGRRES_16361	6
FGRRES_16362	5
FGRRES_16363	3
FGRRES_16366	2
FGRRES_16367	8
FGRRES_16368	6
FGRRES_16369_M	6
FGRRES_16370	3
FGRRES_16371	2
FGRRES_16372	3
FGRRES_16373_M	7
FGRRES_16374	1
FGRRES_16375	2
FGRRES_16376	4
FGRRES_16377	3
FGRRES_16378_M	4
FGRRES_16379_12566_M	5
FGRRES_16380_M	6
FGRRES_16381	2
FGRRES_16382	1
FGRRES_16383	3
FGRRES_16384_5_M	12
FGRRES_16386	5
FGRRES_16387	3
FGRRES_16388	4
FGRRES_16389	2
FGRRES_16390	3
FGRRES_16391	6
FGRRES_16392	6
FGRRES_16393_M	5
FGRRES_16402	2
FGRRES_16403	5
FGRRES_16405	6
FGRRES_16406	4
FGRRES_16407	5
FGRRES_16408	4
FGRRES_16409	3
FGRRES_16410	7
FGRRES_16411	5
FGRRES_16412	4
FGRRES_16413	3
FGRRES_16414	10
FGRRES_16415	1
FGRRES_16416	2
FGRRES_16417	4
FGRRES_16418	3
FGRRES_16419	9
FGRRES_16420	3
FGRRES_16421	4
FGRRES_16422	2
FGRRES_16423	9
FGRRES_16424	3
FGRRES_16425	5
FGRRES_16426	8
FGRRES_16427	5
FGRRES_16428	7
FGRRES_16429	13
FGRRES_16430	4
FGRRES_16431_M	3
FGRRES_16432	5
FGRRES_16433_M	7
FGRRES_16434	7
FGRRES_16435	5
FGRRES_16436	3
FGRRES_16437	5
FGRRES_16438	2
FGRRES_16439	4
FGRRES_16528	2
FGRRES_16529	6
FGRRES_16535	6
FGRRES_16536	7
FGRRES_16537	4
FGRRES_16538	1
FGRRES_16539	3
FGRRES_16540	6
FGRRES_16547	2
FGRRES_16548	5
FGRRES_16549	5
FGRRES_16551	5
FGRRES_16552	4
FGRRES_16553	3
FGRRES_16554	3
FGRRES_16555	2
FGRRES_16556_M	3
FGRRES_16557	7
FGRRES_16558	6
FGRRES_16559	6
FGRRES_16560	6
FGRRES_16561	6
FGRRES_16562	3
FGRRES_16563	3
FGRRES_16564	4
FGRRES_16654	10
FGRRES_16655_M	3
FGRRES_16656	2
FGRRES_16657	7
FGRRES_16658_M	7
FGRRES_16659	5
FGRRES_16661	6
FGRRES_16662	4
FGRRES_16663_M	8
FGRRES_16664	2
FGRRES_16665	9
FGRRES_16666	5
FGRRES_16667	2
FGRRES_16668	4
FGRRES_16669	3
FGRRES_16670	3
FGRRES_16671	3
FGRRES_16672_M	8
FGRRES_16673	2
FGRRES_16674	3
FGRRES_16675_M	3
FGRRES_16676	4
FGRRES_16677_M	5
FGRRES_16678	4
FGRRES_16679_8_M	7
FGRRES_16681	2
FGRRES_16682	3
FGRRES_16683	3
FGRRES_16735_M	3
FGRRES_16773_M	3
FGRRES_16793	4
FGRRES_16794_M	5
FGRRES_16795_M	5
FGRRES_16796	2
FGRRES_16819	9
FGRRES_16820	5
FGRRES_16821_M	8
FGRRES_16822_M	4
FGRRES_16823	11
FGRRES_16842_M	2
FGRRES_16843	1
FGRRES_16844_M	8
FGRRES_16845	4
FGRRES_16846	4
FGRRES_16847	4
FGRRES_16848	7
FGRRES_16849_M	3
FGRRES_16850	2
FGRRES_16851	7
FGRRES_16852_M	7
FGRRES_16853	7
FGRRES_16854	3
FGRRES_16855	4
FGRRES_16856	5
FGRRES_16857	7
FGRRES_16858	4
FGRRES_16859	4
FGRRES_16860	2
FGRRES_16861	2
FGRRES_16862	2
FGRRES_16863_M	3
FGRRES_16864	4
FGRRES_16865	6
FGRRES_16866	5
FGRRES_16867	4
FGRRES_16868	2
FGRRES_16869	2
FGRRES_16870	4
FGRRES_16871	2
FGRRES_16872	14
FGRRES_16873	10
FGRRES_16874	3
FGRRES_16875	4
FGRRES_16876	4
FGRRES_16877	5
FGRRES_16878	3
FGRRES_16879	10
FGRRES_16880	3
FGRRES_16881_M	7
FGRRES_16882	5
FGRRES_16883	3
FGRRES_16884	4
FGRRES_16885	2
FGRRES_16886	8
FGRRES_16887	6
FGRRES_16888	7
FGRRES_16889	4
FGRRES_16891	5
FGRRES_16892	2
FGRRES_16893	4
FGRRES_16894	6
FGRRES_16895	4
FGRRES_16896	9
FGRRES_16897	7
FGRRES_16898	2
FGRRES_16899	9
FGRRES_16900	4
FGRRES_16901	3
FGRRES_16902	4
FGRRES_16903	9
FGRRES_16904	5
FGRRES_16905	3
FGRRES_16906	4
FGRRES_16907	6
FGRRES_16908	7
FGRRES_16909	4
FGRRES_16910	6
FGRRES_16936	2
FGRRES_16937	4
FGRRES_16952	2
FGRRES_16954_M	4
FGRRES_16955	3
FGRRES_16956	2
FGRRES_16957	8
FGRRES_16958_M	5
FGRRES_16959	9
FGRRES_16960	4
FGRRES_16961	7
FGRRES_16962	5
FGRRES_16963	8
FGRRES_16964_M	8
FGRRES_16965	3
FGRRES_17049	3
FGRRES_17050	2
FGRRES_17052	2
FGRRES_17053	3
FGRRES_17054	3
FGRRES_17055_M	5
FGRRES_17056	4
FGRRES_17057	4
FGRRES_17060	3
FGRRES_17061	8
FGRRES_17062	3
FGRRES_17063	3
FGRRES_17064	1
FGRRES_17065	2
FGRRES_17066	6
FGRRES_17067_M	4
FGRRES_17068	3
FGRRES_17069	4
FGRRES_17070	4
FGRRES_17071	4
FGRRES_17072	4
FGRRES_17073	2
FGRRES_17074_M	8
FGRRES_17075	3
FGRRES_17076	6
FGRRES_17077	5
FGRRES_17078_M	12
FGRRES_17079	3
FGRRES_17080_M	7
FGRRES_17081	3
FGRRES_17082	4
FGRRES_17083	4
FGRRES_17084	4
FGRRES_17085	7
FGRRES_17086	2
FGRRES_17087	2
FGRRES_17088	7
FGRRES_17089	1
FGRRES_17090	7
FGRRES_17091	5
FGRRES_17092	1
FGRRES_17093	2
FGRRES_17094	4
FGRRES_17095	2
FGRRES_17096	7
FGRRES_17097_M	3
FGRRES_17099	7
FGRRES_17100	3
FGRRES_17101_M	9
FGRRES_17102	10
FGRRES_17103	3
FGRRES_17104	6
FGRRES_17105	5
FGRRES_17106	6
FGRRES_17107	2
FGRRES_17108	6
FGRRES_17109	14
FGRRES_17110	10
FGRRES_17112	4
FGRRES_17113	3
FGRRES_17114	4
FGRRES_17115	2
FGRRES_17116	5
FGRRES_17117	3
FGRRES_17118	3
FGRRES_17119	5
FGRRES_17120	6
FGRRES_17121	7
FGRRES_17122	5
FGRRES_17123	2
FGRRES_17124	4
FGRRES_17125	3
FGRRES_17126	3
FGRRES_17127	6
FGRRES_17128_A	4
FGRRES_17128_B	5
FGRRES_17129	4
FGRRES_17130	5
FGRRES_17131	4
FGRRES_17132	5
FGRRES_17133	4
FGRRES_17134	5
FGRRES_17135	5
FGRRES_17136	4
FGRRES_17137	3
FGRRES_17138	4
FGRRES_17139	4
FGRRES_17140_M	3
FGRRES_17141	5
FGRRES_17142	2
FGRRES_17143	3
FGRRES_17144	10
FGRRES_17145	5
FGRRES_17146	4
FGRRES_17147	3
FGRRES_17148_M	6
FGRRES_17149	5
FGRRES_17150	3
FGRRES_17151	5
FGRRES_17152	5
FGRRES_17153	3
FGRRES_17154	2
FGRRES_17156	5
FGRRES_17157	3
FGRRES_17158	4
FGRRES_17159	5
FGRRES_17160_M	4
FGRRES_17161	11
FGRRES_17162	10
FGRRES_17164	2
FGRRES_17165	10
FGRRES_17166_M	6
FGRRES_17167	6
FGRRES_17168	7
FGRRES_17170	4
FGRRES_17171	2
FGRRES_17172	2
FGRRES_17173_M	8
FGRRES_17174	3
FGRRES_17175_M	7
FGRRES_17176	3
FGRRES_17177	4
FGRRES_17178	3
FGRRES_17179	5
FGRRES_17180	1
FGRRES_17181	2
FGRRES_17182	3
FGRRES_17184	4
FGRRES_17185	2
FGRRES_17195	3
FGRRES_17196_M	10
FGRRES_17197	5
FGRRES_17198	4
FGRRES_17199_M	5
FGRRES_17200	4
FGRRES_17201	3
FGRRES_17202	4
FGRRES_17203	4
FGRRES_17204	5
FGRRES_17205	3
FGRRES_17206	2
FGRRES_17207	2
FGRRES_17208	6
FGRRES_17209	3
FGRRES_17210	5
FGRRES_17211_M	6
FGRRES_17248	7
FGRRES_17269_M	6
FGRRES_17324_M	2
FGRRES_17342	2
FGRRES_17343	2
FGRRES_17344	4
FGRRES_17345_M	7
FGRRES_17346	5
FGRRES_17347	7
FGRRES_17348	3
FGRRES_17349	3
FGRRES_17350_M	5
FGRRES_17354	2
FGRRES_17355_M	4
FGRRES_17356	6
FGRRES_17357	8
FGRRES_17358	5
FGRRES_17359	3
FGRRES_17360	3
FGRRES_17361	5
FGRRES_17362	6
FGRRES_17363	4
FGRRES_17364	3
FGRRES_17365	3
FGRRES_17366	4
FGRRES_17367	3
FGRRES_17368	4
FGRRES_17369	5
FGRRES_17370	6
FGRRES_17371	2
FGRRES_17372	11
FGRRES_17373	10
FGRRES_17374	3
FGRRES_17375	3
FGRRES_17376	3
FGRRES_17377	4
FGRRES_17378	3
FGRRES_17379	4
FGRRES_17380	5
FGRRES_17381	4
FGRRES_17382	5
FGRRES_17383	3
FGRRES_17384	6
FGRRES_17385	2
FGRRES_17386	9
FGRRES_17387	8
FGRRES_17388_M	4
FGRRES_17389	2
FGRRES_17390	2
FGRRES_17391	13
FGRRES_17393	9
FGRRES_17394_M	4
FGRRES_17395_M	4
FGRRES_17397	6
FGRRES_17398	4
FGRRES_17399	3
FGRRES_17400	3
FGRRES_17401	5
FGRRES_17402	7
FGRRES_17403	4
FGRRES_17404	2
FGRRES_17405	4
FGRRES_17406	3
FGRRES_17407	12
FGRRES_17408	5
FGRRES_17409	2
FGRRES_17410_M	8
FGRRES_17411_M	7
FGRRES_17412_M	10
FGRRES_17413	3
FGRRES_17414	3
FGRRES_17415	5
FGRRES_17416	6
FGRRES_17417	1
FGRRES_17418	2
FGRRES_17419	3
FGRRES_17420	2
FGRRES_17421	3
FGRRES_17422	4
FGRRES_17423	4
FGRRES_17424	3
FGRRES_17425	2
FGRRES_17426	4
FGRRES_17427	3
FGRRES_17428	4
FGRRES_17429	2
FGRRES_17430	2
FGRRES_17431	2
FGRRES_17432	6
FGRRES_17433	2
FGRRES_17434	9
FGRRES_17436	3
FGRRES_17437	3
FGRRES_17438	15
FGRRES_17439	11
FGRRES_17440	3
FGRRES_17441	7
FGRRES_17443	3
FGRRES_17444	6
FGRRES_17445	6
FGRRES_17446	4
FGRRES_17447	6
FGRRES_17448	3
FGRRES_17449	3
FGRRES_17450	5
FGRRES_17451	8
FGRRES_17452	9
FGRRES_17453_M	2
FGRRES_17454	4
FGRRES_17455	3
FGRRES_17456	4
FGRRES_17457	3
FGRRES_17458	2
FGRRES_17459	3
FGRRES_17460	7
FGRRES_17461	10
FGRRES_17462	1
FGRRES_17463	9
FGRRES_17464	2
FGRRES_17466	2
FGRRES_17467	6
FGRRES_17468	2
FGRRES_17469	5
FGRRES_17470	4
FGRRES_17471	2
FGRRES_17472	3
FGRRES_17473_M	6
FGRRES_17474_M	11
FGRRES_17475	5
FGRRES_17476	2
FGRRES_17477	3
FGRRES_17478	4
FGRRES_17479	1
FGRRES_17480	4
FGRRES_17481	2
FGRRES_17482	5
FGRRES_17483	8
FGRRES_17484	2
FGRRES_17485	4
FGRRES_17486	6
FGRRES_17487	8
FGRRES_17531	3
FGRRES_17532	6
FGRRES_17533	5
FGRRES_17534	6
FGRRES_17535	4
FGRRES_17536	3
FGRRES_17537	2
FGRRES_17538	5
FGRRES_17539	1
FGRRES_17540	3
FGRRES_17541	4
FGRRES_17542	8
FGRRES_17543	8
FGRRES_17544	2
FGRRES_17545	5
FGRRES_17546	3
FGRRES_17547	2
FGRRES_17548_M	7
FGRRES_17549	3
FGRRES_17550	8
FGRRES_17551	5
FGRRES_17552	7
FGRRES_17553	2
FGRRES_17554_M	3
FGRRES_17555	4
FGRRES_17556	4
FGRRES_17557_M	11
FGRRES_17559	3
FGRRES_17560	3
FGRRES_17561	6
FGRRES_17562	5
FGRRES_17564	5
FGRRES_17565	3
FGRRES_17566	2
FGRRES_17567	5
FGRRES_17568	2
FGRRES_17569	5
FGRRES_17570	1
FGRRES_17571	1
FGRRES_17573	3
FGRRES_17574	4
FGRRES_17575	3
FGRRES_17576	4
FGRRES_17577	2
FGRRES_17578	6
FGRRES_17579	9
FGRRES_17580_A_M	2
FGRRES_17580_B_M	1
FGRRES_17581	4
FGRRES_17582	2
FGRRES_17583_M	7
FGRRES_17584	3
FGRRES_17585	4
FGRRES_17586	7
FGRRES_17587	5
FGRRES_17589	5
FGRRES_17591	3
FGRRES_17595	4
FGRRES_17596	2
FGRRES_17597_11239_M	5
FGRRES_17598	3
FGRRES_17600	1
FGRRES_17616_M	6
FGRRES_17617_M	3
FGRRES_17621	2
FGRRES_17622	11
FGRRES_17623	1
FGRRES_17624_M	3
FGRRES_17628_M	11
FGRRES_17677	12
FGRRES_17678	12
FGRRES_17682	7
FGRRES_17683	5
FGRRES_17684_M	1
FGRRES_17691	3
FGRRES_17697	4
FGRRES_17701	4
FGRRES_17704	9
FGRRES_17705	3
FGRRES_17708_M	4
FGRRES_17709_M	8
FGRRES_17711_17183_M	5
FGRRES_17712_M	2
FGRRES_17713_M	11
FGRRES_17729	4
FGRRES_17733	6
FGRRES_17737	11
FGRRES_17740	4
FGRRES_17745	7
FGRRES_20000	2
FGRRES_20001	3
FGRRES_20002	3
FGRRES_20003	2
FGRRES_20004	2
FGRRES_20005	2
FGRRES_20006	2
FGRRES_20007	6
FGRRES_20011	4
FGRRES_20012	4
FGRRES_20024	2
FGRRES_20055	3
FGRRES_20056	3
FGRRES_20057	2
FGRRES_20058	2
FGRRES_20059	5
FGRRES_20060	6
FGRRES_20068	2
FGRRES_20069	2
FGRRES_20070	3
FGRRES_20071	3
FGRRES_20072	2
FGRRES_20073	2
FGRRES_20098	3
FGRRES_20100	3
FGRRES_20101	3
FGRRES_20102	2
FGRRES_20103	4
FGRRES_20104	3
FGRRES_20105	3
FGRRES_20106	4
FGRRES_20107	2
FGRRES_20108	2
FGRRES_20109	2
FGRRES_20110	6
FGRRES_20111	3
FGRRES_20112	3
FGRRES_20113	3
FGRRES_20114	3
FGRRES_20115	2
FGRRES_20116	3
FGRRES_20117	3
FGRRES_20118	4
FGRRES_20122	4
FGRRES_20123	2
FGRRES_20124	2
FGRRES_20146	2
FGRRES_20147	3
FGRRES_20148	4
FGRRES_20149	5
FGRRES_20150	2
FGRRES_20151	3
FGRRES_20156	3
FGRRES_20159	3
FGRRES_20160	3
FGRRES_20161	5
FGRRES_20162	2
FGRRES_20163	5
FGRRES_20164	3
FGRRES_20165	2
FGRRES_20166	2
FGRRES_20167	3
FGRRES_20168	1
FGRRES_20169	2
FGRRES_20170	3
FGRRES_20171	2
FGRRES_20172	2
FGRRES_20173	3
FGRRES_20174	1
FGRRES_20175	3
FGRRES_20176	5
FGRRES_20177	2
FGRRES_20178	3
FGRRES_20179	2
FGRRES_20180	2
FGRRES_20181	2
FGRRES_20182	3
FGRRES_20183	2
FGRRES_20184	3
FGRRES_20185	4
FGRRES_20186	3
FGRRES_20187	2
FGRRES_20188	2
FGRRES_20189	3
FGRRES_20190	3
FGRRES_20192	4
FGRRES_20193	7
FGRRES_20194	3
FGRRES_20208	3
FGRRES_20209	5
FGRRES_20210	2
FGRRES_20211	4
FGRRES_20212	3
FGRRES_20213	2
FGRRES_20214	2
FGRRES_20215	4
FGRRES_20216	3
FGRRES_20217	3
FGRRES_20218	2
FGRRES_20219	5
FGRRES_20220	3
FGRRES_20221	4
FGRRES_20222	6
FGRRES_20223	5
FGRRES_20224	2
FGRRES_20225	4
FGRRES_20226	2
FGRRES_20227	2
FGRRES_20228	4
FGRRES_20229	2
FGRRES_20230	3
FGRRES_20231	4
FGRRES_20232	2
FGRRES_20233	2
FGRRES_20234	4
FGRRES_20235	3
FGRRES_20236	5
FGRRES_20237	6
FGRRES_20238	2
FGRRES_20239	2
FGRRES_20272	3
FGRRES_20275	2
FGRRES_20276	3
FGRRES_20277	2
FGRRES_20278	2
FGRRES_20307	3
FGRRES_20308	3
FGRRES_20309	4
FGRRES_20310	2
FGRRES_20311	3
FGRRES_20312	2
FGRRES_20313	3
FGRRES_20314	5
FGRRES_20315	2
FGRRES_20316	3
FGRRES_20317	3
FGRRES_20318	2
FGRRES_20319	4
FGRRES_20320	1
FGRRES_20321	5
FGRRES_20322	2
FGRRES_20323	3
FGRRES_20324	4
FGRRES_20325	6
FGRRES_20326	2
FGRRES_20327	2
FGRRES_20328	8
FGRRES_20329	3
FGRRES_20330	4
FGRRES_20331	3
FGRRES_20332	2
FGRRES_20333	2
FGRRES_20334	3
FGRRES_20335	4
FGRRES_20353	3
FGRRES_20358	3
FGRRES_20359	4
FGRRES_20373	2
FGRRES_20374	3
FGRRES_20375	3
FGRRES_20376	2
FGRRES_20377	6
FGRRES_20378	2
FGRRES_20379	3
FGRRES_20380	3
FGRRES_20381	2
FGRRES_20390	2
FGRRES_20391	2
FGRRES_20392	4
FGRRES_20394	2
FGRRES_20395	2
FGRRES_20396	3
FGRRES_20397	2
FGRRES_20398	2
FGRRES_20399	2
FGRRES_20400	2
FGRRES_20401	2
FGRRES_20402	2
FGRRES_20403	5
FGRRES_20404	2
FGRRES_20405	3
FGRRES_20406	2
FGRRES_20407	3
FGRRES_20408	2
FGRRES_20409	5
FGRRES_20412	1
