Query	Hit	Description	E-value
FGRRES_00011	FGSG_00011		0.0
FGRRES_00012	FGSG_00012		0.0
FGRRES_00013	FGSG_00013		0.0
FGRRES_00014_M	FGSG_00014		0.0
FGRRES_00015	FGSG_00015		0.0
FGRRES_00026_M	FGSG_00026		0.0
FGRRES_00034	FGSG_00034		0.0
FGRRES_00043	FGSG_00043		0.0
FGRRES_00046	FGSG_00046		0.0
FGRRES_00052	FGSG_00052		0.0
FGRRES_00053	FGSG_00053		0.0
FGRRES_00058	FGSG_00058		0.0
FGRRES_00067	FGSG_00067		0.0
FGRRES_00069	FGSG_00069		0.0
FGRRES_00070	FGSG_00070		0.0
FGRRES_00071	FGSG_00071		0.0
FGRRES_00075	FGSG_08821		1e-142
FGRRES_00076	FGSG_00076		0.0
FGRRES_00078	FGSG_00078		0.0
FGRRES_00083	FGSG_00083		0.0
FGRRES_00085	FGSG_00085		0.0
FGRRES_00087	FGSG_00087		0.0
FGRRES_00102	FGSG_00102		0.0
FGRRES_00107	FGSG_00107		0.0
FGRRES_00108	FGSG_00108		0.0
FGRRES_00116	FGSG_00116		0.0
FGRRES_00117	FGSG_00117		7e-177
FGRRES_00118	FGSG_00118		0.0
FGRRES_00136	FGSG_00136		0.0
FGRRES_00144	FGSG_00144		0.0
FGRRES_00147	FGSG_00147		0.0
FGRRES_00148	FGSG_00148		0.0
FGRRES_00152	FGSG_00152		0.0
FGRRES_00161	FGSG_00161		0.0
FGRRES_00174	FGSG_00174		4e-141
FGRRES_00179	FGSG_00179		0.0
FGRRES_00182	FGSG_00182		0.0
FGRRES_00183	FGSG_00183		0.0
FGRRES_00195	FGSG_00195		0.0
FGRRES_00196_M	FGSG_00196		0.0
FGRRES_00197	FGSG_00197		0.0
FGRRES_00217	FGSG_00217		0.0
FGRRES_00219	FGSG_00219		0.0
FGRRES_00226	FGSG_00226		0.0
FGRRES_00227	FGSG_00227		0.0
FGRRES_00235	FGSG_00235		0.0
FGRRES_00280_M	FGSG_00280		0.0
FGRRES_00287	FGSG_00287		0.0
FGRRES_00306	FGSG_00306		0.0
FGRRES_00313	FGSG_00313		0.0
FGRRES_00318	FGSG_00318		0.0
FGRRES_00319	FGSG_00319		0.0
FGRRES_00321	FGSG_00321		0.0
FGRRES_00324	FGSG_00324		0.0
FGRRES_00330	FGSG_00330		0.0
FGRRES_00342	FGSG_00342		1e-156
FGRRES_00345	FGSG_00345		0.0
FGRRES_00351_M	FGSG_00351		0.0
FGRRES_00352	FGSG_00352		0.0
FGRRES_00359	FGSG_00359		0.0
FGRRES_00371	FGSG_00371		0.0
FGRRES_00372	FGSG_00372		0.0
FGRRES_00376	FGSG_00376		0.0
FGRRES_00377	FGSG_00377		1e-134
FGRRES_00385	FGSG_00385		1e-68
FGRRES_00404	FGSG_00404		0.0
FGRRES_00405	FGSG_00405		0.0
FGRRES_00416	FGSG_00416		0.0
FGRRES_00426	FGSG_00426		0.0
FGRRES_00427	FGSG_00427		0.0
FGRRES_00457	FGSG_00457		0.0
FGRRES_00477	FGSG_00477		0.0
FGRRES_00508	FGSG_00508		0.0
FGRRES_00512	FGSG_00512		0.0
FGRRES_00515	FGSG_00515		0.0
FGRRES_00529	FGSG_00529		0.0
FGRRES_00539	FGSG_00539		0.0
FGRRES_00540	FGSG_00540		1e-145
FGRRES_00541	FGSG_00541		0.0
FGRRES_00545	FGSG_00545		0.0
FGRRES_00572	FGSG_00572		0.0
FGRRES_00573	FGSG_00573		0.0
FGRRES_00574	FGSG_00574		0.0
FGRRES_00584	FGSG_00584		0.0
FGRRES_00586	FGSG_00586		0.0
FGRRES_00593	FGSG_00593		0.0
FGRRES_00595	FGSG_00595		0.0
FGRRES_00597	FGSG_00597		0.0
FGRRES_00598	FGSG_00598		0.0
FGRRES_00608	FGSG_00608		0.0
FGRRES_00613	FGSG_00613		0.0
FGRRES_00620	FGSG_00620		0.0
FGRRES_00623	FGSG_00623		0.0
FGRRES_00625	FGSG_00625		0.0
FGRRES_00665	FGSG_00665		0.0
FGRRES_00669	FGSG_00669		0.0
FGRRES_00702	FGSG_00702		0.0
FGRRES_00710	FGSG_00710		0.0
FGRRES_00713	FGSG_00713		0.0
FGRRES_00719	FGSG_00719		0.0
FGRRES_00725	FGSG_00725		0.0
FGRRES_00729	FGSG_00729		0.0
FGRRES_00742	FGSG_00742		0.0
FGRRES_00745	FGSG_00745		0.0
FGRRES_00750	FGSG_00750		3e-86
FGRRES_00764	FGSG_00764		6e-118
FGRRES_00765	FGSG_00765		0.0
FGRRES_00768	FGSG_00768		0.0
FGRRES_00773	FGSG_00773		3e-143
FGRRES_00774	FGSG_00774		0.0
FGRRES_00787	FGSG_00787		0.0
FGRRES_00800	FGSG_00800		0.0
FGRRES_00813	FGSG_00813		0.0
FGRRES_00823	FGSG_00823		0.0
FGRRES_00871	FGSG_00871		0.0
FGRRES_00880	FGSG_00880		0.0
FGRRES_00924	FGSG_00924		0.0
FGRRES_00926	FGSG_00926		0.0
FGRRES_00934	FGSG_00934		0.0
FGRRES_00946	FGSG_00946		0.0
FGRRES_00960	FGSG_00960		0.0
FGRRES_00967	FGSG_00967		0.0
FGRRES_01000	FGSG_01000		0.0
FGRRES_01006	FGSG_01006		0.0
FGRRES_01022	FGSG_01022		0.0
FGRRES_01033	FGSG_01033		8e-163
FGRRES_01046	FGSG_01046		0.0
FGRRES_01066	FGSG_01066		0.0
FGRRES_01096	FGSG_01096		3e-174
FGRRES_01100	FGSG_01100		0.0
FGRRES_01106	FGSG_01106		0.0
FGRRES_01116	FGSG_01116		0.0
FGRRES_01120	FGSG_01120		0.0
FGRRES_01139	FGSG_01139		0.0
FGRRES_01172	FGSG_01172		0.0
FGRRES_01176	FGSG_01176		0.0
FGRRES_01182	FGSG_01182		0.0
FGRRES_01187	FGSG_01187		0.0
FGRRES_01196	FGSG_01196		0.0
FGRRES_01201	FGSG_01201		0.0
FGRRES_01214	FGSG_01214		0.0
FGRRES_01225	FGSG_01225		0.0
FGRRES_01265	FGSG_01265		0.0
FGRRES_01284	FGSG_01284		0.0
FGRRES_01293	FGSG_01293		0.0
FGRRES_01295	FGSG_01295		0.0
FGRRES_01298	FGSG_01298		0.0
FGRRES_01302	FGSG_01302		0.0
FGRRES_01304	FGSG_01304		0.0
FGRRES_01307	FGSG_01307		0.0
FGRRES_01310	FGSG_01310		0.0
FGRRES_01311	FGSG_01311		0.0
FGRRES_01318	FGSG_01318		0.0
FGRRES_01319	FGSG_01319		0.0
FGRRES_01332	FGSG_01332		0.0
FGRRES_01341	FGSG_01341		0.0
FGRRES_01350	FGSG_01350		0.0
FGRRES_01352	FGSG_01352		0.0
FGRRES_01366	FGSG_01366		0.0
FGRRES_01370	FGSG_01370		0.0
FGRRES_01378	FGSG_01378		0.0
FGRRES_01382	FGSG_01382		0.0
FGRRES_01388	FGSG_01388		0.0
FGRRES_01407	FGSG_01407		0.0
FGRRES_01411	FGSG_01411		0.0
FGRRES_01419	FGSG_01419		0.0
FGRRES_01425	FGSG_01425		0.0
FGRRES_01433	FGSG_01433		0.0
FGRRES_01457	FGSG_01457		0.0
FGRRES_01484	FGSG_01484		0.0
FGRRES_01514	FGSG_01514		2e-173
FGRRES_01515	FGSG_01515		0.0
FGRRES_01523	FGSG_01523		0.0
FGRRES_01526	FGSG_01526		0.0
FGRRES_01530	FGSG_01530		0.0
FGRRES_01535	FGSG_01535		0.0
FGRRES_01555	FGSG_01555		0.0
FGRRES_01558	FGSG_01558		0.0
FGRRES_01562	FGSG_01562		0.0
FGRRES_01564	FGSG_01564		0.0
FGRRES_01576	FGSG_01576		0.0
FGRRES_01583	FGSG_01583		0.0
FGRRES_01584	FGSG_01584		0.0
FGRRES_01593	FGSG_01593		0.0
FGRRES_01610	FGSG_01610		0.0
FGRRES_01638	FGSG_01638		0.0
FGRRES_01640	FGSG_01640		0.0
FGRRES_01648	FGSG_01648		0.0
FGRRES_01662	FGSG_01662		0.0
FGRRES_01667	FGSG_01667		2e-141
FGRRES_01669	FGSG_01669		8e-152
FGRRES_01675	FGSG_01675		0.0
FGRRES_01689	FGSG_01689		7e-95
FGRRES_01710	FGSG_01710		0.0
FGRRES_01712	FGSG_01712		0.0
FGRRES_01722	FGSG_01722		0.0
FGRRES_01724	FGSG_01724		0.0
FGRRES_01730	FGSG_01730		0.0
FGRRES_01731	FGSG_01731		0.0
FGRRES_01734_M	FGSG_01734		0.0
FGRRES_01735_M	FGSG_01735		0.0
FGRRES_01738_M	FGSG_01738		0.0
FGRRES_01739	FGSG_01739		0.0
FGRRES_01740	FGSG_01740		0.0
FGRRES_01742	FGSG_01742		0.0
FGRRES_01743	FGSG_01743		0.0
FGRRES_01744	FGSG_01744		0.0
FGRRES_01745	FGSG_01745		0.0
FGRRES_01755	FGSG_01755		2e-170
FGRRES_01760	FGSG_01760		0.0
FGRRES_01762	FGSG_01762		0.0
FGRRES_01767	FGSG_01767		0.0
FGRRES_01768	FGSG_01768		0.0
FGRRES_01783	FGSG_01783		0.0
FGRRES_01785	FGSG_01785		0.0
FGRRES_01790	FGSG_01790		0.0
FGRRES_01792	FGSG_01792		0.0
FGRRES_01795	FGSG_01795		0.0
FGRRES_01801	FGSG_01801		0.0
FGRRES_01808_M	FGSG_01808		0.0
FGRRES_01809	FGSG_01809		0.0
FGRRES_01811	FGSG_17632		4e-64
FGRRES_01814_M	FGSG_01814		0.0
FGRRES_01817	FGSG_01817		0.0
FGRRES_01836	FGSG_01836		0.0
FGRRES_01845	FGSG_01845		3e-180
FGRRES_01867	FGSG_01867		0.0
FGRRES_01868	FGSG_01868		0.0
FGRRES_01876	FGSG_01876		0.0
FGRRES_01877	FGSG_01877		0.0
FGRRES_01885	FGSG_01885		0.0
FGRRES_01894	FGSG_01894		0.0
FGRRES_01903	FGSG_01903		0.0
FGRRES_01906	FGSG_01906		2e-144
FGRRES_01915	FGSG_01915		0.0
FGRRES_01924_M	FGSG_17677		2e-64
FGRRES_01925	FGSG_01925		0.0
FGRRES_01927	FGSG_01927		0.0
FGRRES_01930	FGSG_01930		0.0
FGRRES_01936	FGSG_01936		0.0
FGRRES_01959	FGSG_01959		0.0
FGRRES_01968	FGSG_01968		0.0
FGRRES_01972	FGSG_01972		0.0
FGRRES_01980	FGSG_01980		0.0
FGRRES_01984	FGSG_01984		3e-158
FGRRES_01985	FGSG_01985		1e-150
FGRRES_01986	FGSG_01986		0.0
FGRRES_01997	FGSG_01997		0.0
FGRRES_02025	FGSG_02025		0.0
FGRRES_02026	FGSG_10269		4e-77
FGRRES_02031	FGSG_02031		0.0
FGRRES_02032_M	FGSG_02032		0.0
FGRRES_02040	FGSG_02040		0.0
FGRRES_02064	FGSG_02064		0.0
FGRRES_02066	FGSG_02066		0.0
FGRRES_02070	FGSG_02070		0.0
FGRRES_02071	FGSG_02071		0.0
FGRRES_02083	FGSG_02083		0.0
FGRRES_02111	FGSG_02111		0.0
FGRRES_02114	FGSG_02114		0.0
FGRRES_02117	FGSG_02117		0.0
FGRRES_02118	FGSG_02118		0.0
FGRRES_02123	FGSG_03389		9e-71
FGRRES_02130	FGSG_02288		9e-87
FGRRES_02136	FGSG_02136		0.0
FGRRES_02137	FGSG_02137		0.0
FGRRES_02138	FGSG_02138		0.0
FGRRES_02139	FGSG_02139		0.0
FGRRES_02143	FGSG_02143		0.0
FGRRES_02145	FGSG_02145		0.0
FGRRES_02151	FGSG_02151		0.0
FGRRES_02158_M	FGSG_02158		0.0
FGRRES_02163	FGSG_02163		0.0
FGRRES_02184	FGSG_07589		5e-75
FGRRES_02208	FGSG_02208		0.0
FGRRES_02215	FGSG_02215		0.0
FGRRES_02248_M	FGSG_02248		0.0
FGRRES_02251	FGSG_02251		0.0
FGRRES_02252	FGSG_02252		0.0
FGRRES_02264	FGSG_02264		0.0
FGRRES_02272	FGSG_02272		0.0
FGRRES_02278	FGSG_02278		0.0
FGRRES_02281	FGSG_02281		0.0
FGRRES_02284	FGSG_02284		0.0
FGRRES_02288	FGSG_02288		0.0
FGRRES_02299	FGSG_15872		2e-124
FGRRES_02307	FGSG_02307		0.0
FGRRES_02312	FGSG_02312		0.0
FGRRES_02315	FGSG_02315		0.0
FGRRES_02316	FGSG_02316		0.0
FGRRES_02320	FGSG_02320		0.0
FGRRES_02322	FGSG_02322		0.0
FGRRES_02323	FGSG_02323		0.0
FGRRES_02324	FGSG_02324		0.0
FGRRES_02326	FGSG_02326		0.0
FGRRES_02331	FGSG_02331		0.0
FGRRES_02343	FGSG_02343		0.0
FGRRES_02358	FGSG_02358		0.0
FGRRES_02366	FGSG_02366		0.0
FGRRES_02367	FGSG_02367		0.0
FGRRES_02368	FGSG_02368		0.0
FGRRES_02371_2_M	FGSG_02371.2		0.0
FGRRES_02382	FGSG_02382		0.0
FGRRES_02384	FGSG_02384		0.0
FGRRES_02387	FGSG_03915		8e-75
FGRRES_02394	FGSG_02394		0.0
FGRRES_02398	FGSG_02398		0.0
FGRRES_02400	FGSG_02400		0.0
FGRRES_02406	FGSG_02406		0.0
FGRRES_02419	FGSG_02419		0.0
FGRRES_02420	FGSG_16917		2e-90
FGRRES_02426	FGSG_02426		0.0
FGRRES_02433	FGSG_02433		0.0
FGRRES_02439	FGSG_02439		0.0
FGRRES_02444	FGSG_02444		2e-178
FGRRES_02460	FGSG_02460		0.0
FGRRES_02477_M	FGSG_02477		0.0
FGRRES_02482	FGSG_02482		0.0
FGRRES_02495	FGSG_02495		0.0
FGRRES_02499	FGSG_02499		0.0
FGRRES_02507_M	FGSG_02507		0.0
FGRRES_02516	FGSG_02516		0.0
FGRRES_02520	FGSG_02520		0.0
FGRRES_02531	FGSG_02531		0.0
FGRRES_02532	FGSG_02532		0.0
FGRRES_02538	FGSG_02538		0.0
FGRRES_02544	FGSG_02544		0.0
FGRRES_02589	FGSG_02589		0.0
FGRRES_02598	FGSG_02598		0.0
FGRRES_02608	FGSG_02608		0.0
FGRRES_02615	FGSG_02615		0.0
FGRRES_02635	FGSG_02635		0.0
FGRRES_02641	FGSG_02641		0.0
FGRRES_02646	FGSG_02646		3e-169
FGRRES_02668	FGSG_02668		0.0
FGRRES_02671	FGSG_02671		0.0
FGRRES_02672_M	FGSG_02672		0.0
FGRRES_02675	FGSG_02675		0.0
FGRRES_02676	FGSG_02676		0.0
FGRRES_02677	FGSG_02677		0.0
FGRRES_02680	FGSG_02680		0.0
FGRRES_02688	FGSG_02688		0.0
FGRRES_02695	FGSG_02695		0.0
FGRRES_02696	FGSG_02696		0.0
FGRRES_02699	FGSG_02699		0.0
FGRRES_02703_M	FGSG_02703		0.0
FGRRES_02741	FGSG_02741		0.0
FGRRES_02743	FGSG_02743		0.0
FGRRES_02749_M	FGSG_02749		0.0
FGRRES_02750	FGSG_02750		0.0
FGRRES_02753	FGSG_02753		0.0
FGRRES_02754	FGSG_02754		5e-173
FGRRES_02767	FGSG_02767		0.0
FGRRES_02782	FGSG_02782		0.0
FGRRES_02783	FGSG_02783		0.0
FGRRES_02787_M	FGSG_02787		0.0
FGRRES_02788_M	FGSG_02788		2e-128
FGRRES_02803	FGSG_02803		0.0
FGRRES_02814	FGSG_02814		0.0
FGRRES_02825_M	FGSG_02825		0.0
FGRRES_02833	FGSG_02833		0.0
FGRRES_02839	FGSG_02839		0.0
FGRRES_02843	FGSG_02843		0.0
FGRRES_02847	FGSG_02847		0.0
FGRRES_02854	FGSG_02854		0.0
FGRRES_02863	FGSG_02863		0.0
FGRRES_02865_M	FGSG_02865		0.0
FGRRES_02869_M	FGSG_02869		0.0
FGRRES_02870	FGSG_02870		0.0
FGRRES_02872	FGSG_02872		0.0
FGRRES_02873	FGSG_02873		0.0
FGRRES_02874	FGSG_02874		0.0
FGRRES_02880	FGSG_02880		0.0
FGRRES_02922	FGSG_02922		0.0
FGRRES_02924	FGSG_02924		0.0
FGRRES_02929	FGSG_02929		0.0
FGRRES_02930	FGSG_16917		9e-71
FGRRES_02938_M	FGSG_02938		0.0
FGRRES_02939	FGSG_02939		0.0
FGRRES_02945	FGSG_02945		0.0
FGRRES_02950	FGSG_02950		0.0
FGRRES_02978	FGSG_02978		0.0
FGRRES_02982	FGSG_02982		0.0
FGRRES_02992	FGSG_02992		0.0
FGRRES_02998	FGSG_02998		0.0
FGRRES_03011	FGSG_03011		0.0
FGRRES_03015	FGSG_03015		0.0
FGRRES_03018	FGSG_15872		1e-83
FGRRES_03020	FGSG_03020		0.0
FGRRES_03024	FGSG_03024		0.0
FGRRES_03032	FGSG_03032		0.0
FGRRES_03033	FGSG_03033		0.0
FGRRES_03040	FGSG_03040		0.0
FGRRES_03044	FGSG_03044		0.0
FGRRES_03055	FGSG_03055		0.0
FGRRES_03063	FGSG_03063		0.0
FGRRES_03066_M	FGSG_03066		0.0
FGRRES_03071	FGSG_03071		0.0
FGRRES_03083	FGSG_03083		0.0
FGRRES_03086	FGSG_03086		0.0
FGRRES_03102	FGSG_03102		0.0
FGRRES_03107	FGSG_03107		0.0
FGRRES_03133	FGSG_03133		0.0
FGRRES_03140	FGSG_03140		0.0
FGRRES_03144	FGSG_03144		0.0
FGRRES_03149	FGSG_03149		1e-134
FGRRES_03154	FGSG_03154		0.0
FGRRES_03159	FGSG_03159		0.0
FGRRES_03162	FGSG_03162		0.0
FGRRES_03168	FGSG_03168		0.0
FGRRES_03172	FGSG_03172		0.0
FGRRES_03189_M	FGSG_03189		0.0
FGRRES_03191_M	FGSG_03191		0.0
FGRRES_03195	FGSG_03195		2e-167
FGRRES_03201	FGSG_03201		0.0
FGRRES_03202	FGSG_03202		0.0
FGRRES_03207_M	FGSG_03207		0.0
FGRRES_03208_M	FGSG_03208		0.0
FGRRES_03214	FGSG_03214		0.0
FGRRES_03219	FGSG_03219		0.0
FGRRES_03226_M	FGSG_03226		0.0
FGRRES_03231	FGSG_03231		0.0
FGRRES_03233	FGSG_03233		0.0
FGRRES_03239	FGSG_03239		2e-150
FGRRES_03245_M	FGSG_03245		0.0
FGRRES_03246	FGSG_03246		0.0
FGRRES_03249	FGSG_03249		0.0
FGRRES_03256	FGSG_03256		0.0
FGRRES_03257	FGSG_03257		0.0
FGRRES_03258_M	FGSG_03258		0.0
FGRRES_03259	FGSG_03259		0.0
FGRRES_03260	FGSG_03260		0.0
FGRRES_03264	FGSG_03264		0.0
FGRRES_03271	FGSG_03271		0.0
FGRRES_03272	FGSG_03272		0.0
FGRRES_03273	FGSG_16917		5e-95
FGRRES_03279	FGSG_03279		0.0
FGRRES_03281	FGSG_03281		2e-140
FGRRES_03282	FGSG_02854		2e-57
FGRRES_03292	FGSG_03292		0.0
FGRRES_03294_M	FGSG_03294		0.0
FGRRES_03306	FGSG_03306		0.0
FGRRES_03322	FGSG_03322		0.0
FGRRES_03323	FGSG_03323		0.0
FGRRES_03330	FGSG_03330		0.0
FGRRES_03340	FGSG_03340		0.0
FGRRES_03345	FGSG_03345		0.0
FGRRES_03347_M	FGSG_03347		0.0
FGRRES_03360	FGSG_03360		0.0
FGRRES_03363	FGSG_03363		0.0
FGRRES_03369	FGSG_03369		0.0
FGRRES_03389_M	FGSG_03389		0.0
FGRRES_03390	FGSG_03390		0.0
FGRRES_03396	FGSG_03396		0.0
FGRRES_03412	FGSG_03412		0.0
FGRRES_03414	FGSG_03414		0.0
FGRRES_03416_M	FGSG_03416		0.0
FGRRES_03421	FGSG_16514		9e-145
FGRRES_03424	FGSG_03424		0.0
FGRRES_03427	FGSG_03427		0.0
FGRRES_03447	FGSG_03447		0.0
FGRRES_03460	FGSG_03460		0.0
FGRRES_03466	FGSG_03466		0.0
FGRRES_03482	FGSG_03482		1e-135
FGRRES_03485_M	FGSG_03485		0.0
FGRRES_03494	FGSG_03494		0.0
FGRRES_03498	FGSG_03498		0.0
FGRRES_03508	FGSG_03508		0.0
FGRRES_03512	FGSG_03512		0.0
FGRRES_03514_M	FGSG_02938		5e-118
FGRRES_03516	FGSG_03516		0.0
FGRRES_03517	FGSG_03517		0.0
FGRRES_03523_M	FGSG_03523		0.0
FGRRES_03525	FGSG_16229		1e-102
FGRRES_03535	FGSG_03535		0.0
FGRRES_03537	FGSG_03537		0.0
FGRRES_03540	FGSG_03540		0.0
FGRRES_03541	FGSG_03541		0.0
FGRRES_03542_M	FGSG_03542		5e-83
FGRRES_03547	FGSG_03547		0.0
FGRRES_03548	FGSG_03548		0.0
FGRRES_03564	FGSG_03564		9e-129
FGRRES_03567	FGSG_16357		9e-68
FGRRES_03568	FGSG_03568		0.0
FGRRES_03589	FGSG_03589		0.0
FGRRES_03590	FGSG_03590		0.0
FGRRES_03597	FGSG_03597		0.0
FGRRES_03636_M	FGSG_03636		0.0
FGRRES_03643	FGSG_03643		0.0
FGRRES_03646	FGSG_03646		0.0
FGRRES_03671_M	FGSG_03671		0.0
FGRRES_03675	FGSG_03675		0.0
FGRRES_03682	FGSG_03682		3e-155
FGRRES_03683	FGSG_03683		0.0
FGRRES_03686_M	FGSG_03686		0.0
FGRRES_03693	FGSG_03693		3e-123
FGRRES_03697_M	FGSG_03697		0.0
FGRRES_03700	FGSG_03700		0.0
FGRRES_03702	FGSG_03702		0.0
FGRRES_03706_M	FGSG_13153		2e-111
FGRRES_03711	FGSG_03711		0.0
FGRRES_03716	FGSG_03716		0.0
FGRRES_03725	FGSG_03725		0.0
FGRRES_03727	FGSG_03727		0.0
FGRRES_03729	FGSG_03729		0.0
FGRRES_03732_M	FGSG_03732		0.0
FGRRES_03735_2_M	FGSG_03735.2		0.0
FGRRES_03737	FGSG_03737		0.0
FGRRES_03741	FGSG_03741		0.0
FGRRES_03744	FGSG_03744		0.0
FGRRES_03745	FGSG_03745		0.0
FGRRES_03747	FGSG_03747		0.0
FGRRES_03749_M	FGSG_03749		0.0
FGRRES_03751_M	FGSG_03751		0.0
FGRRES_03754_M	FGSG_03754		0.0
FGRRES_03755	FGSG_03755		0.0
FGRRES_03770	FGSG_03770		0.0
FGRRES_03772	FGSG_03772		0.0
FGRRES_03778	FGSG_03778		0.0
FGRRES_03786	FGSG_03786		0.0
FGRRES_03793	FGSG_03793		0.0
FGRRES_03794_M	FGSG_03794		2e-155
FGRRES_03796	FGSG_03796		0.0
FGRRES_03814	FGSG_03814		0.0
FGRRES_03834	FGSG_03834		0.0
FGRRES_03835	FGSG_03835		0.0
FGRRES_03836	FGSG_08741		2e-80
FGRRES_03844	FGSG_03844		0.0
FGRRES_03855_M	FGSG_03855		0.0
FGRRES_03857	FGSG_03857		0.0
FGRRES_03860	FGSG_03860		0.0
FGRRES_03861	FGSG_03861		0.0
FGRRES_03862_M	FGSG_03862		0.0
FGRRES_03869	FGSG_03869		0.0
FGRRES_03872_M	FGSG_03872		0.0
FGRRES_03873_M	FGSG_03783		0.0
FGRRES_03878	FGSG_03878		0.0
FGRRES_03881	FGSG_03881		0.0
FGRRES_03882	FGSG_03882		0.0
FGRRES_03887	FGSG_03887		0.0
FGRRES_03889	FGSG_03889		0.0
FGRRES_03891	FGSG_03891		0.0
FGRRES_03892	FGSG_03892		0.0
FGRRES_03899	FGSG_03899		0.0
FGRRES_03912	FGSG_03912		0.0
FGRRES_03915	FGSG_03915		0.0
FGRRES_03919	FGSG_03919		0.0
FGRRES_03920	FGSG_03920		0.0
FGRRES_03924	FGSG_03924		0.0
FGRRES_03929	FGSG_03929		0.0
FGRRES_03931	FGSG_03931		0.0
FGRRES_03934_M	FGSG_03934		0.0
FGRRES_03951	FGSG_08005		1e-53
FGRRES_03956	FGSG_03956		0.0
FGRRES_03957	FGSG_03957		0.0
FGRRES_03964	FGSG_03964		0.0
FGRRES_03985	FGSG_03985		0.0
FGRRES_03987_M	FGSG_03987		0.0
FGRRES_04004	FGSG_04004		0.0
FGRRES_04035	FGSG_04035		0.0
FGRRES_04036	FGSG_04036		0.0
FGRRES_04044_M	FGSG_04044		4e-180
FGRRES_04055	FGSG_04055		0.0
FGRRES_04057_M	FGSG_04057		0.0
FGRRES_04062	FGSG_04062		0.0
FGRRES_04065	FGSG_04065		0.0
FGRRES_04081	FGSG_04081		1e-169
FGRRES_04083	FGSG_04083		0.0
FGRRES_04084	FGSG_04084		0.0
FGRRES_04092	FGSG_04092		0.0
FGRRES_04095	FGSG_04095		0.0
FGRRES_04103	FGSG_04103		0.0
FGRRES_04109	FGSG_04109		0.0
FGRRES_04130	FGSG_04130		0.0
FGRRES_04134	FGSG_04134		0.0
FGRRES_04147	FGSG_04147		9e-156
FGRRES_04170_M	FGSG_04170		0.0
FGRRES_04171	FGSG_04171		0.0
FGRRES_04181	FGSG_04181		0.0
FGRRES_04182	FGSG_04182		0.0
FGRRES_04186_M	FGSG_04186		0.0
FGRRES_04188	FGSG_04188		0.0
FGRRES_04203_M	FGSG_04203		0.0
FGRRES_04204	FGSG_04204		0.0
FGRRES_04209	FGSG_04209		0.0
FGRRES_04215	FGSG_04215		0.0
FGRRES_04216	FGSG_04216		0.0
FGRRES_04217	FGSG_04217		0.0
FGRRES_04218	FGSG_04218		3e-133
FGRRES_04220	FGSG_04220		0.0
FGRRES_04221	FGSG_04221		0.0
FGRRES_04223	FGSG_04223		0.0
FGRRES_04233	FGSG_04233		0.0
FGRRES_04241	FGSG_04241		0.0
FGRRES_04242	FGSG_04242		0.0
FGRRES_04245	FGSG_04245		0.0
FGRRES_04254	FGSG_04254		0.0
FGRRES_04258_M	FGSG_04258		8e-170
FGRRES_04288	FGSG_04288		0.0
FGRRES_04293	FGSG_04293		0.0
FGRRES_04298	FGSG_04298		0.0
FGRRES_04305	FGSG_04305		0.0
FGRRES_04311	FGSG_04311		0.0
FGRRES_04317	FGSG_04317		0.0
FGRRES_04333	FGSG_04333		0.0
FGRRES_04334	FGSG_04334		0.0
FGRRES_04335	FGSG_04335		0.0
FGRRES_04369	FGSG_04369		0.0
FGRRES_04370	FGSG_04370		0.0
FGRRES_04379	FGSG_04379		0.0
FGRRES_04398	FGSG_04398		0.0
FGRRES_04426	FGSG_04426		0.0
FGRRES_04431	FGSG_04431		0.0
FGRRES_04456	FGSG_04456		0.0
FGRRES_04458	FGSG_04458		0.0
FGRRES_04459	FGSG_04459		0.0
FGRRES_04465_M	FGSG_04465		0.0
FGRRES_04468	FGSG_04468		0.0
FGRRES_04480	FGSG_04480		0.0
FGRRES_04487	FGSG_04487		0.0
FGRRES_04496_M	FGSG_04496		0.0
FGRRES_04512	FGSG_04512		0.0
FGRRES_04537	FGSG_04537		0.0
FGRRES_04543	FGSG_04543		3e-131
FGRRES_04544_5_M	FGSG_04544		0.0
FGRRES_04579	FGSG_04579		0.0
FGRRES_04580	FGSG_04580		0.0
FGRRES_04581	FGSG_04581		1e-78
FGRRES_04588	FGSG_04588		0.0
FGRRES_04590	FGSG_04590		0.0
FGRRES_04591	FGSG_04591		0.0
FGRRES_04596	FGSG_04596		0.0
FGRRES_04610	FGSG_04610		0.0
FGRRES_04626	FGSG_04626		9e-144
FGRRES_04636	FGSG_04636		0.0
FGRRES_04637	FGSG_04637		0.0
FGRRES_04643	FGSG_04643		0.0
FGRRES_04658_M	FGSG_04658		0.0
FGRRES_04666	FGSG_04666		0.0
FGRRES_04671_M	FGSG_04671		0.0
FGRRES_04672	FGSG_04672		0.0
FGRRES_04675	FGSG_04675		0.0
FGRRES_04676	FGSG_04676		0.0
FGRRES_04683	FGSG_04683		0.0
FGRRES_04686	FGSG_04686		0.0
FGRRES_04694	FGSG_04694		0.0
FGRRES_04700	FGSG_04700		0.0
FGRRES_04709	FGSG_04709		0.0
FGRRES_04710	FGSG_04710		0.0
FGRRES_04717	FGSG_04717		0.0
FGRRES_04722	FGSG_04722		0.0
FGRRES_04723	FGSG_04723		0.0
FGRRES_04747	FGSG_04747		0.0
FGRRES_04774	FGSG_04774		0.0
FGRRES_04782	FGSG_04782		0.0
FGRRES_04783	FGSG_04783		0.0
FGRRES_04786	FGSG_04786		0.0
FGRRES_04799	FGSG_04799		0.0
FGRRES_04803	FGSG_04803		0.0
FGRRES_04804	FGSG_04804		0.0
FGRRES_04811	FGSG_04811		0.0
FGRRES_04827	FGSG_04827		0.0
FGRRES_04837	FGSG_16059		2e-143
FGRRES_04845	FGSG_04845		0.0
FGRRES_04862	FGSG_04862		0.0
FGRRES_04876	FGSG_04876		0.0
FGRRES_04879	FGSG_04879		0.0
FGRRES_04888_M	FGSG_04888		0.0
FGRRES_04889	FGSG_04889		0.0
FGRRES_04899	FGSG_04899		0.0
FGRRES_04901	FGSG_04901		0.0
FGRRES_04919	FGSG_04919		0.0
FGRRES_04932	FGSG_04932		0.0
FGRRES_04941	FGSG_04941		0.0
FGRRES_04943	FGSG_04943		0.0
FGRRES_04957_M	FGSG_04957		0.0
FGRRES_04969	FGSG_03729		9e-56
FGRRES_04976	FGSG_04976		0.0
FGRRES_04993	FGSG_04993		0.0
FGRRES_05011	FGSG_05011		0.0
FGRRES_05013	FGSG_10269		6e-75
FGRRES_05041	FGSG_05041		0.0
FGRRES_05042	FGSG_05042		0.0
FGRRES_05075	FGSG_05075		0.0
FGRRES_05076	FGSG_05076		0.0
FGRRES_05092	FGSG_05092		0.0
FGRRES_05119	FGSG_05119		0.0
FGRRES_05120	FGSG_05120		0.0
FGRRES_05122	FGSG_05122		0.0
FGRRES_05127	FGSG_05127		0.0
FGRRES_05138	FGSG_05138		0.0
FGRRES_05147	FGSG_05147		0.0
FGRRES_05149	FGSG_05149		0.0
FGRRES_05151	FGSG_05151		0.0
FGRRES_05157	FGSG_05157		0.0
FGRRES_05160	FGSG_05160		0.0
FGRRES_05171	FGSG_05171		0.0
FGRRES_05183	FGSG_05183		0.0
FGRRES_05198	FGSG_05198		0.0
FGRRES_05238	FGSG_05238		0.0
FGRRES_05248	FGSG_05248		0.0
FGRRES_05279	FGSG_05279		0.0
FGRRES_05280	FGSG_05280		0.0
FGRRES_05283	FGSG_05283		0.0
FGRRES_05293	FGSG_05293		0.0
FGRRES_05304	FGSG_05304		2e-135
FGRRES_05309	FGSG_05309		0.0
FGRRES_05318	FGSG_05318		0.0
FGRRES_05322	FGSG_05322		0.0
FGRRES_05334	FGSG_05334		0.0
FGRRES_05346	FGSG_05346		0.0
FGRRES_05352	FGSG_05352		0.0
FGRRES_05368	FGSG_05368		0.0
FGRRES_05370	FGSG_05370		0.0
FGRRES_05372	FGSG_05372		0.0
FGRRES_05384	FGSG_05384		0.0
FGRRES_05388	FGSG_05388		0.0
FGRRES_05394	FGSG_05394		0.0
FGRRES_05399	FGSG_05399		0.0
FGRRES_05421	FGSG_05421		0.0
FGRRES_05448	FGSG_05448		0.0
FGRRES_05450	FGSG_05450		0.0
FGRRES_05465	FGSG_05465		0.0
FGRRES_05468	FGSG_05468		0.0
FGRRES_05475	FGSG_05475		0.0
FGRRES_05498	FGSG_05498		0.0
FGRRES_05503	FGSG_05503		0.0
FGRRES_05512	FGSG_05512		0.0
FGRRES_05514	FGSG_05514		0.0
FGRRES_05520	FGSG_05520		0.0
FGRRES_05527	FGSG_05527		0.0
FGRRES_05567	FGSG_05567		0.0
FGRRES_05571	FGSG_05571		0.0
FGRRES_05574	FGSG_05574		0.0
FGRRES_05589	FGSG_05589		0.0
FGRRES_05593	FGSG_08005		3e-56
FGRRES_05646	FGSG_05646		0.0
FGRRES_05659	FGSG_05659		0.0
FGRRES_05672	FGSG_05672		0.0
FGRRES_05678	FGSG_05678		0.0
FGRRES_05682	FGSG_05682		0.0
FGRRES_05685	FGSG_16357		2e-80
FGRRES_05705	FGSG_05705		0.0
FGRRES_05707	FGSG_05707		0.0
FGRRES_05720	FGSG_05720		0.0
FGRRES_05725	FGSG_05725		0.0
FGRRES_05731	FGSG_05731		0.0
FGRRES_05747	FGSG_05747		0.0
FGRRES_05751	FGSG_10269		4e-71
FGRRES_05761	FGSG_05761		0.0
FGRRES_05789	FGSG_05789		0.0
FGRRES_05801	FGSG_05801		0.0
FGRRES_05802	FGSG_05802		0.0
FGRRES_05806	FGSG_05806		0.0
FGRRES_05825	FGSG_05825		0.0
FGRRES_05827	FGSG_05827		0.0
FGRRES_05834_M	FGSG_05834		0.0
FGRRES_05839	FGSG_05839		0.0
FGRRES_05848	FGSG_05848		0.0
FGRRES_05854	FGSG_05854		0.0
FGRRES_05857	FGSG_05857		0.0
FGRRES_05859	FGSG_05859		0.0
FGRRES_05882	FGSG_05882		0.0
FGRRES_05896	FGSG_05896		0.0
FGRRES_05925	FGSG_05925		0.0
FGRRES_05926	FGSG_05926		0.0
FGRRES_05930	FGSG_05930		0.0
FGRRES_05938	FGSG_05938		2e-164
FGRRES_05949	FGSG_05949		0.0
FGRRES_05958	FGSG_05958		0.0
FGRRES_06002	FGSG_06002		0.0
FGRRES_06012	FGSG_06012		0.0
FGRRES_06018	FGSG_06018		0.0
FGRRES_06045_M	FGSG_06045		0.0
FGRRES_06047	FGSG_06047		0.0
FGRRES_06051	FGSG_06051		0.0
FGRRES_06061	FGSG_06061		1e-134
FGRRES_06067	FGSG_06067		0.0
FGRRES_06068	FGSG_06068		0.0
FGRRES_06071	FGSG_06071		0.0
FGRRES_06073	FGSG_06073		0.0
FGRRES_06090	FGSG_06090		0.0
FGRRES_06126	FGSG_06126		0.0
FGRRES_06141	FGSG_06141		0.0
FGRRES_06142	FGSG_06142		0.0
FGRRES_06151	FGSG_06151		0.0
FGRRES_06160	FGSG_06160		0.0
FGRRES_06163	FGSG_06163		0.0
FGRRES_06168_M	FGSG_06168		0.0
FGRRES_06176	FGSG_06176		1e-142
FGRRES_06199	FGSG_06199		0.0
FGRRES_06214	FGSG_06214		0.0
FGRRES_06215	FGSG_06215		0.0
FGRRES_06217	FGSG_06217		0.0
FGRRES_06235	FGSG_06235		0.0
FGRRES_06240	FGSG_06240		0.0
FGRRES_06262	FGSG_06262		0.0
FGRRES_06279	FGSG_06279		0.0
FGRRES_06291	FGSG_06291		0.0
FGRRES_06307	FGSG_06307		0.0
FGRRES_06311	FGSG_06311		0.0
FGRRES_06315	FGSG_06315		3e-173
FGRRES_06324	FGSG_06324		0.0
FGRRES_06328	FGSG_06553		0.0
FGRRES_06329	FGSG_06329		7e-151
FGRRES_06336	FGSG_06336		0.0
FGRRES_06354	FGSG_06354		0.0
FGRRES_06356	FGSG_06356		0.0
FGRRES_06359	FGSG_06359		0.0
FGRRES_06376	FGSG_06376		1e-138
FGRRES_06380_M	FGSG_06380		0.0
FGRRES_06382	FGSG_06382		0.0
FGRRES_06421	FGSG_03040		2e-67
FGRRES_06427	FGSG_06427		0.0
FGRRES_06436	FGSG_06436		0.0
FGRRES_06442	FGSG_06442		0.0
FGRRES_06444	FGSG_06444		0.0
FGRRES_06447_M	FGSG_06447		0.0
FGRRES_06448_M	FGSG_06448		0.0
FGRRES_06453	FGSG_06453		0.0
FGRRES_06460_M	FGSG_06460		0.0
FGRRES_06462	FGSG_06462		0.0
FGRRES_06464	FGSG_06464		0.0
FGRRES_06468	FGSG_06468		0.0
FGRRES_06473_M	FGSG_06473		0.0
FGRRES_06498	FGSG_06498		0.0
FGRRES_06503_M	FGSG_06503		0.0
FGRRES_06507	FGSG_06507		0.0
FGRRES_06508	FGSG_06508		0.0
FGRRES_06513	FGSG_06513		0.0
FGRRES_06516	FGSG_06516		0.0
FGRRES_06536	FGSG_06536		0.0
FGRRES_06537	FGSG_06537		0.0
FGRRES_06540	FGSG_06540		2e-97
FGRRES_06542_M	FGSG_06542		0.0
FGRRES_06551_M	FGSG_06551		0.0
FGRRES_06553	FGSG_06553		0.0
FGRRES_06560	FGSG_06560		0.0
FGRRES_06562	FGSG_06562		0.0
FGRRES_06569_M	FGSG_06569		0.0
FGRRES_06593	FGSG_06593		0.0
FGRRES_06609	FGSG_06609		0.0
FGRRES_06631_M	FGSG_06631		0.0
FGRRES_06642	FGSG_06642		0.0
FGRRES_06651	FGSG_06651		0.0
FGRRES_06657	FGSG_06657		0.0
FGRRES_06664	FGSG_06664		0.0
FGRRES_06669	FGSG_06669		0.0
FGRRES_06684	FGSG_06684		0.0
FGRRES_06685_M	FGSG_06685		0.0
FGRRES_06699	FGSG_06699		0.0
FGRRES_06701	FGSG_06701		0.0
FGRRES_06743	FGSG_06743		0.0
FGRRES_06760_M	FGSG_06760		0.0
FGRRES_06768	FGSG_06768		0.0
FGRRES_06771	FGSG_06771		0.0
FGRRES_06784	FGSG_06784		0.0
FGRRES_06799_M	FGSG_10716		5e-90
FGRRES_06805	FGSG_06805		0.0
FGRRES_06810	FGSG_06810		0.0
FGRRES_06815_M	FGSG_06815		0.0
FGRRES_06817_M	FGSG_06817		0.0
FGRRES_06824	FGSG_06824		0.0
FGRRES_06840	FGSG_06840		0.0
FGRRES_06860	FGSG_06860		5e-159
FGRRES_06869	FGSG_06869		0.0
FGRRES_06871	FGSG_06871		0.0
FGRRES_06881_M	FGSG_06881		0.0
FGRRES_06890	FGSG_06890		0.0
FGRRES_06909	FGSG_06909		3e-122
FGRRES_06910	FGSG_06910		0.0
FGRRES_06916	FGSG_06916		0.0
FGRRES_06934	FGSG_06934		0.0
FGRRES_06944	FGSG_06944		0.0
FGRRES_06947	FGSG_06947		0.0
FGRRES_06955	FGSG_06955		0.0
FGRRES_06968	FGSG_06968		0.0
FGRRES_07036_M	FGSG_07036		0.0
FGRRES_07059	FGSG_07059		2e-124
FGRRES_07067	FGSG_07067		0.0
FGRRES_07075_M	FGSG_07075		0.0
FGRRES_07076	FGSG_07076		0.0
FGRRES_07087_M	FGSG_07087		7e-143
FGRRES_07101	FGSG_07101		0.0
FGRRES_07102	FGSG_10269		8e-122
FGRRES_07116	FGSG_07116		0.0
FGRRES_07123	FGSG_07123		0.0
FGRRES_07133	FGSG_07133		0.0
FGRRES_07134	FGSG_07134		0.0
FGRRES_07157	FGSG_07157		0.0
FGRRES_07161	FGSG_07161		1e-80
FGRRES_07165	FGSG_07165		0.0
FGRRES_07167	FGSG_07167		0.0
FGRRES_07183	FGSG_07183		7e-115
FGRRES_07187_M	FGSG_07187		0.0
FGRRES_07192	FGSG_07192		0.0
FGRRES_07198	FGSG_07198		0.0
FGRRES_07209	FGSG_07209		0.0
FGRRES_07226_M	FGSG_07226		0.0
FGRRES_07227	FGSG_07227		0.0
FGRRES_07254	FGSG_07254		0.0
FGRRES_07265	FGSG_07265		0.0
FGRRES_07269	FGSG_07269		3e-98
FGRRES_07276	FGSG_07276		0.0
FGRRES_07306	FGSG_10269		8e-139
FGRRES_07310	FGSG_07310		0.0
FGRRES_07325	FGSG_07325		0.0
FGRRES_07350	FGSG_07350		0.0
FGRRES_07360	FGSG_07360		0.0
FGRRES_07368	FGSG_07368		0.0
FGRRES_07389	FGSG_07389		0.0
FGRRES_07392	FGSG_07392		0.0
FGRRES_07411	FGSG_07411		0.0
FGRRES_07420	FGSG_07420		0.0
FGRRES_07428	FGSG_07428		0.0
FGRRES_07433_M	FGSG_07433		0.0
FGRRES_07452	FGSG_07452		0.0
FGRRES_07458	FGSG_07458		6e-120
FGRRES_07466	FGSG_07466		0.0
FGRRES_07482	FGSG_07482		0.0
FGRRES_07495	FGSG_07495		0.0
FGRRES_07496_M	FGSG_07496		0.0
FGRRES_07500	FGSG_07500		0.0
FGRRES_07502_M	FGSG_07502		0.0
FGRRES_07504	FGSG_07504		0.0
FGRRES_07509	FGSG_07509		0.0
FGRRES_07516	FGSG_07516		0.0
FGRRES_07518	FGSG_07518		0.0
FGRRES_07519	FGSG_07519		0.0
FGRRES_07529	FGSG_07529		0.0
FGRRES_07539	FGSG_07539		0.0
FGRRES_07543	FGSG_07543		0.0
FGRRES_07546	FGSG_07546		0.0
FGRRES_07550	FGSG_07550		0.0
FGRRES_07564	FGSG_07564		0.0
FGRRES_07567	FGSG_07567		0.0
FGRRES_07568	FGSG_07568		0.0
FGRRES_07575_M	FGSG_07575		0.0
FGRRES_07580	FGSG_16672		4e-110
FGRRES_07582	FGSG_07582		0.0
FGRRES_07583	FGSG_07583		0.0
FGRRES_07584	FGSG_07584		0.0
FGRRES_07587	FGSG_07587		0.0
FGRRES_07589	FGSG_07589		0.0
FGRRES_07592	FGSG_07592		2e-132
FGRRES_07594	FGSG_07594		0.0
FGRRES_07596	FGSG_07596		0.0
FGRRES_07600	FGSG_07600		5e-114
FGRRES_07604	FGSG_07604		0.0
FGRRES_07610	FGSG_07610		0.0
FGRRES_07631	FGSG_07631		0.0
FGRRES_07632	FGSG_07632		0.0
FGRRES_07657	FGSG_07657		0.0
FGRRES_07659	FGSG_07659		0.0
FGRRES_07660	FGSG_16917		2e-129
FGRRES_07662_M	FGSG_07662		0.0
FGRRES_07665	FGSG_07665		0.0
FGRRES_07666	FGSG_07666		0.0
FGRRES_07669	FGSG_07669		0.0
FGRRES_07674	FGSG_07674		0.0
FGRRES_07693_M	FGSG_07693		0.0
FGRRES_07700	FGSG_17574		1e-117
FGRRES_07701	FGSG_07701		0.0
FGRRES_07720	FGSG_07720		0.0
FGRRES_07722_M	FGSG_07722		0.0
FGRRES_07737	FGSG_07737		0.0
FGRRES_07751_M	FGSG_07751		0.0
FGRRES_07753	FGSG_07753		0.0
FGRRES_07765	FGSG_07765		0.0
FGRRES_07771	FGSG_07771		0.0
FGRRES_07781	FGSG_07781		0.0
FGRRES_07789	FGSG_07789		0.0
FGRRES_07790	FGSG_07790		0.0
FGRRES_07798	FGSG_07798		0.0
FGRRES_07802	FGSG_07802		0.0
FGRRES_07810	FGSG_07810		0.0
FGRRES_07830	FGSG_07830		4e-137
FGRRES_07833	FGSG_07833		0.0
FGRRES_07859_M	FGSG_07859		0.0
FGRRES_07860	FGSG_04095		5e-92
FGRRES_07862	FGSG_07862		1e-126
FGRRES_07865_M	FGSG_07865		3e-92
FGRRES_07884	FGSG_07884		0.0
FGRRES_07891	FGSG_07891		0.0
FGRRES_07893	FGSG_07893		6e-163
FGRRES_07894	FGSG_07894		0.0
FGRRES_07908	FGSG_07908		0.0
FGRRES_07914	FGSG_07914		0.0
FGRRES_07917	FGSG_07917		0.0
FGRRES_07924	FGSG_07924		0.0
FGRRES_07926	FGSG_07926		0.0
FGRRES_07928	FGSG_07928		0.0
FGRRES_07941	FGSG_07941		0.0
FGRRES_07952_M	FGSG_07952		8e-87
FGRRES_07962	FGSG_10269		3e-65
FGRRES_07970_M	FGSG_07970		0.0
FGRRES_08005_M	FGSG_08005		0.0
FGRRES_08009	FGSG_08009		0.0
FGRRES_08014	FGSG_08014		0.0
FGRRES_08016	FGSG_08016		0.0
FGRRES_08023	FGSG_08023		0.0
FGRRES_08027_M	FGSG_08027		0.0
FGRRES_08028_M	FGSG_08028		0.0
FGRRES_08034	FGSG_08034		0.0
FGRRES_08038	FGSG_08038		0.0
FGRRES_08039	FGSG_08039		0.0
FGRRES_08047	FGSG_08047		0.0
FGRRES_08055	FGSG_08055		0.0
FGRRES_08064	FGSG_08064		0.0
FGRRES_08065	FGSG_08065		0.0
FGRRES_08079	FGSG_08079		0.0
FGRRES_08080	FGSG_08080		0.0
FGRRES_08082	FGSG_08082		2e-131
FGRRES_08084	FGSG_08084		0.0
FGRRES_08093	FGSG_08093		0.0
FGRRES_08099	FGSG_08099		0.0
FGRRES_08106	FGSG_08106		0.0
FGRRES_08131	FGSG_08131		0.0
FGRRES_08135	FGSG_08135		0.0
FGRRES_08138	FGSG_08138		0.0
FGRRES_08163_M	FGSG_08163		0.0
FGRRES_08169	FGSG_08169		0.0
FGRRES_08177	FGSG_08177		0.0
FGRRES_08179	FGSG_08179		0.0
FGRRES_08181_M	FGSG_08181		0.0
FGRRES_08182	FGSG_08182		0.0
FGRRES_08183	FGSG_08183		0.0
FGRRES_08184	FGSG_08184		0.0
FGRRES_08185	FGSG_03735.2		2e-133
FGRRES_08187	FGSG_08187		0.0
FGRRES_08188_M	FGSG_08188		0.0
FGRRES_08207_M	FGSG_08207		0.0
FGRRES_08208	FGSG_08208		0.0
FGRRES_08209	FGSG_08209		0.0
FGRRES_08221	FGSG_08221		0.0
FGRRES_08229_M	FGSG_08229		0.0
FGRRES_08230	FGSG_08230		0.0
FGRRES_08246_M	FGSG_08246		0.0
FGRRES_08309	FGSG_08309		0.0
FGRRES_08311	FGSG_08311		0.0
FGRRES_08312	FGSG_08312		0.0
FGRRES_08321	FGSG_08321		0.0
FGRRES_08333_M	FGSG_08333		2e-98
FGRRES_08341	FGSG_08341		0.0
FGRRES_08343	FGSG_08343		0.0
FGRRES_08347	FGSG_08347		0.0
FGRRES_08349	FGSG_08349		0.0
FGRRES_08377	FGSG_08377		0.0
FGRRES_08380	FGSG_08380		0.0
FGRRES_08392	FGSG_08392		0.0
FGRRES_08393	FGSG_08393		0.0
FGRRES_08395_M	FGSG_08395		0.0
FGRRES_08397	FGSG_08397		0.0
FGRRES_08402	FGSG_08402		0.0
FGRRES_08410	FGSG_08410		0.0
FGRRES_08412	FGSG_08412		0.0
FGRRES_08413	FGSG_08413		0.0
FGRRES_08428	FGSG_08428		0.0
FGRRES_08431	FGSG_08431		0.0
FGRRES_08444	FGSG_08444		0.0
FGRRES_08455	FGSG_08455		0.0
FGRRES_08459	FGSG_08459		0.0
FGRRES_08462	FGSG_08462		0.0
FGRRES_08463	FGSG_08463		0.0
FGRRES_08466	FGSG_08466		0.0
FGRRES_08481	FGSG_08481		0.0
FGRRES_08518	FGSG_08518		0.0
FGRRES_08531	FGSG_08531		0.0
FGRRES_08532	FGSG_08532		0.0
FGRRES_08543	FGSG_08543		0.0
FGRRES_08572	FGSG_08572		0.0
FGRRES_08582	FGSG_08582		0.0
FGRRES_08595	FGSG_08595		0.0
FGRRES_08606	FGSG_08606		0.0
FGRRES_08611_M	FGSG_08611		0.0
FGRRES_08617	FGSG_08617		0.0
FGRRES_08619	FGSG_08619		0.0
FGRRES_08622	FGSG_08622		0.0
FGRRES_08624	FGSG_08624		5e-159
FGRRES_08626	FGSG_08626		0.0
FGRRES_08634	FGSG_08634		0.0
FGRRES_08646	FGSG_08646		0.0
FGRRES_08669	FGSG_08669		0.0
FGRRES_08672	FGSG_08672		0.0
FGRRES_08688_M	FGSG_07075		1e-83
FGRRES_08696	FGSG_08696		9e-166
FGRRES_08697_M	FGSG_08697		4e-139
FGRRES_08713	FGSG_08713		0.0
FGRRES_08720_M	FGSG_08720		0.0
FGRRES_08737	FGSG_17102		9e-70
FGRRES_08741	FGSG_08741		0.0
FGRRES_08742	FGSG_08742		0.0
FGRRES_08749_M	FGSG_08749		0.0
FGRRES_08775	FGSG_08775		0.0
FGRRES_08791	FGSG_08791		0.0
FGRRES_08794	FGSG_08794		0.0
FGRRES_08795	FGSG_08795		0.0
FGRRES_08799	FGSG_08799		0.0
FGRRES_08800	FGSG_08800		0.0
FGRRES_08802	FGSG_08802		0.0
FGRRES_08805	FGSG_08805		0.0
FGRRES_08808	FGSG_08808		0.0
FGRRES_08809	FGSG_08809		0.0
FGRRES_08810	FGSG_08810		0.0
FGRRES_08821	FGSG_08821		0.0
FGRRES_08823	FGSG_08823		0.0
FGRRES_08830	FGSG_08830		0.0
FGRRES_08831	FGSG_08831		0.0
FGRRES_08845	FGSG_08845		0.0
FGRRES_08886_M	FGSG_08886		5e-179
FGRRES_08890	FGSG_08890		3e-150
FGRRES_08893	FGSG_08893		0.0
FGRRES_08901	FGSG_08901		0.0
FGRRES_08914	FGSG_08914		0.0
FGRRES_08924	FGSG_08924		0.0
FGRRES_08930	FGSG_08930		0.0
FGRRES_08935	FGSG_08935		0.0
FGRRES_08941_M	FGSG_08941		0.0
FGRRES_08944	FGSG_08944		6e-129
FGRRES_08972	FGSG_08972		0.0
FGRRES_08985	FGSG_08985		0.0
FGRRES_09001	FGSG_09001		0.0
FGRRES_09014	FGSG_09014		0.0
FGRRES_09017	FGSG_09017		0.0
FGRRES_09019	FGSG_09019		0.0
FGRRES_09020	FGSG_09020		0.0
FGRRES_09039_M	FGSG_09039		0.0
FGRRES_09052	FGSG_09052		0.0
FGRRES_09053	FGSG_09053		0.0
FGRRES_09059	FGSG_09059		0.0
FGRRES_09060	FGSG_09060		0.0
FGRRES_09063	FGSG_09063		0.0
FGRRES_09064_M	FGSG_09064		0.0
FGRRES_09065	FGSG_09065		0.0
FGRRES_09067	FGSG_09067		3e-132
FGRRES_09074	FGSG_09074		0.0
FGRRES_09075_M	FGSG_09075		0.0
FGRRES_09078	FGSG_09078		0.0
FGRRES_09080	FGSG_09080		0.0
FGRRES_09081	FGSG_09081		0.0
FGRRES_09086_M	FGSG_09086		0.0
FGRRES_09089_M	FGSG_09089		0.0
FGRRES_09104_M	FGSG_09104		0.0
FGRRES_09111	FGSG_09111		0.0
FGRRES_09123	FGSG_09123		0.0
FGRRES_09128	FGSG_09128		0.0
FGRRES_09139_40_17163_M	FGSG_17163		0.0
FGRRES_09145	FGSG_09145		0.0
FGRRES_09147	FGSG_09147		0.0
FGRRES_09151_M	FGSG_09151		0.0
FGRRES_09153_M	FGSG_09153		2e-91
FGRRES_09177	FGSG_09177		0.0
FGRRES_09178	FGSG_09178		0.0
FGRRES_09191	FGSG_09191		0.0
FGRRES_09195	FGSG_09195		0.0
FGRRES_09211	FGSG_09211		0.0
FGRRES_09214	FGSG_09214		0.0
FGRRES_09217	FGSG_09217		6e-98
FGRRES_09250	FGSG_09250		0.0
FGRRES_09277	FGSG_09277		0.0
FGRRES_09286	FGSG_09286		7e-168
FGRRES_09287	FGSG_09287		0.0
FGRRES_09297	FGSG_09297		0.0
FGRRES_09300	FGSG_09300		0.0
FGRRES_09301	FGSG_09301		1e-143
FGRRES_09303	FGSG_09303		0.0
FGRRES_09308	FGSG_09308		0.0
FGRRES_09328	FGSG_09328		0.0
FGRRES_09329	FGSG_09329		0.0
FGRRES_09331	FGSG_09331		0.0
FGRRES_09332	FGSG_09332		2e-167
FGRRES_09333	FGSG_09333		0.0
FGRRES_09335	FGSG_09335		0.0
FGRRES_09339	FGSG_09339		0.0
FGRRES_09342	FGSG_09342		0.0
FGRRES_09351	FGSG_09351		0.0
FGRRES_09354	FGSG_09354		0.0
FGRRES_09367	FGSG_09367		0.0
FGRRES_09368	FGSG_09368		0.0
FGRRES_09376	FGSG_09376		0.0
FGRRES_09381	FGSG_09381		0.0
FGRRES_09397	FGSG_09397		0.0
FGRRES_09410	FGSG_09410		0.0
FGRRES_09424	FGSG_09424		0.0
FGRRES_09432	FGSG_09432		0.0
FGRRES_09464	FGSG_09464		0.0
FGRRES_09477	FGSG_09477		0.0
FGRRES_09487	FGSG_09487		8e-168
FGRRES_09495	FGSG_09495		0.0
FGRRES_09515	FGSG_09515		0.0
FGRRES_09523	FGSG_09523		2e-163
FGRRES_09528	FGSG_09528		0.0
FGRRES_09553	FGSG_09553		0.0
FGRRES_09557	FGSG_09557		0.0
FGRRES_09565	FGSG_09565		0.0
FGRRES_09568	FGSG_09568		0.0
FGRRES_09573	FGSG_09573		0.0
FGRRES_09583	FGSG_09583		0.0
FGRRES_09593	FGSG_09593		0.0
FGRRES_09594	FGSG_09594		0.0
FGRRES_09595	FGSG_09595		0.0
FGRRES_09616	FGSG_09616		0.0
FGRRES_09681	FGSG_09681		0.0
FGRRES_09701	FGSG_09701		0.0
FGRRES_09706	FGSG_09706		0.0
FGRRES_09707	FGSG_09707		0.0
FGRRES_09715	FGSG_09715		0.0
FGRRES_09720	FGSG_09720		0.0
FGRRES_09723	FGSG_09723		0.0
FGRRES_09724_M	FGSG_09724		0.0
FGRRES_09726_M	FGSG_09726		0.0
FGRRES_09743	FGSG_09743		0.0
FGRRES_09770	FGSG_09770		0.0
FGRRES_09782	FGSG_09782		0.0
FGRRES_09786	FGSG_09786		0.0
FGRRES_09802	FGSG_09802		0.0
FGRRES_09804	FGSG_09804		0.0
FGRRES_09806_M	FGSG_09806		0.0
FGRRES_09807	FGSG_09807		0.0
FGRRES_09819	FGSG_09819		0.0
FGRRES_09832	FGSG_09832		0.0
FGRRES_09837	FGSG_09837		0.0
FGRRES_09844	FGSG_09844		0.0
FGRRES_09857	FGSG_09857		0.0
FGRRES_09869	FGSG_09869		0.0
FGRRES_09871	FGSG_09871		0.0
FGRRES_09884	FGSG_09884		0.0
FGRRES_09892	FGSG_09892		0.0
FGRRES_09913	FGSG_09913		0.0
FGRRES_09916_M	FGSG_09916		0.0
FGRRES_09921	FGSG_09921		0.0
FGRRES_09944	FGSG_09944		1e-168
FGRRES_09957	FGSG_09957		9e-155
FGRRES_09983	FGSG_09983		5e-118
FGRRES_09998	FGSG_09998		0.0
FGRRES_10012	FGSG_10012		0.0
FGRRES_10015	FGSG_10015		0.0
FGRRES_10018	FGSG_10018		0.0
FGRRES_10028	FGSG_10028		0.0
FGRRES_10029	FGSG_10029		0.0
FGRRES_10036	FGSG_10036		0.0
FGRRES_10044	FGSG_10044		0.0
FGRRES_10069	FGSG_10069		0.0
FGRRES_10081	FGSG_10081		0.0
FGRRES_10094	FGSG_10094		0.0
FGRRES_10098	FGSG_10098		0.0
FGRRES_10126	FGSG_10126		0.0
FGRRES_10129	FGSG_10129		0.0
FGRRES_10137	FGSG_10137		2e-111
FGRRES_10142	FGSG_10142		0.0
FGRRES_10143	FGSG_10143		0.0
FGRRES_10162	FGSG_10162		0.0
FGRRES_10173	FGSG_10173		0.0
FGRRES_10174	FGSG_10269		2e-93
FGRRES_10175	FGSG_10175		0.0
FGRRES_10179	FGSG_10179		8e-109
FGRRES_10186	FGSG_10186		2e-105
FGRRES_10190	FGSG_16917		1e-79
FGRRES_10216	FGSG_10216		0.0
FGRRES_10220	FGSG_10220		0.0
FGRRES_10229	FGSG_10229		0.0
FGRRES_10230	FGSG_10230		0.0
FGRRES_10269	FGSG_10269		0.0
FGRRES_10276	FGSG_10276		4e-166
FGRRES_10277_8_M	FGSG_10277		1e-97
FGRRES_10286	FGSG_10286		2e-127
FGRRES_10288	FGSG_10288		0.0
FGRRES_10299	FGSG_10299		2e-170
FGRRES_10310	FGSG_10310		0.0
FGRRES_10320	FGSG_10320		0.0
FGRRES_10331	FGSG_10331		0.0
FGRRES_10336	FGSG_10336		0.0
FGRRES_10350	FGSG_10350		4e-179
FGRRES_10360	FGSG_10360		0.0
FGRRES_10362	FGSG_10362		0.0
FGRRES_10369	FGSG_10369		0.0
FGRRES_10375	FGSG_10375		0.0
FGRRES_10384	FGSG_10384		0.0
FGRRES_10394	FGSG_10394		0.0
FGRRES_10397	FGSG_10397		0.0
FGRRES_10404	FGSG_10404		0.0
FGRRES_10419	FGSG_10419		0.0
FGRRES_10426	FGSG_10426		0.0
FGRRES_10429	FGSG_10429		0.0
FGRRES_10454_M	FGSG_10454		0.0
FGRRES_10458	FGSG_10458		0.0
FGRRES_10459_M	FGSG_10459		0.0
FGRRES_10461	FGSG_10461		0.0
FGRRES_10464	FGSG_10464		0.0
FGRRES_10470	FGSG_10470		0.0
FGRRES_10474	FGSG_10474		0.0
FGRRES_10483	FGSG_10483		0.0
FGRRES_10500	FGSG_10500		0.0
FGRRES_10506	FGSG_10506		0.0
FGRRES_10508	FGSG_10508		0.0
FGRRES_10522	FGSG_10522		0.0
FGRRES_10523	FGSG_10523		0.0
FGRRES_10531	FGSG_10531		0.0
FGRRES_10533	FGSG_10533		0.0
FGRRES_10537	FGSG_10537		0.0
FGRRES_10547_M	FGSG_10547		0.0
FGRRES_10570	FGSG_10570		0.0
FGRRES_10571	FGSG_10571		0.0
FGRRES_10579	FGSG_10579		0.0
FGRRES_10617	FGSG_10617		0.0
FGRRES_10629	FGSG_10629		0.0
FGRRES_10639	FGSG_10639		0.0
FGRRES_10647	FGSG_10647		0.0
FGRRES_10660	FGSG_10660		0.0
FGRRES_10661	FGSG_10661		0.0
FGRRES_10684_M	FGSG_10684		0.0
FGRRES_10685	FGSG_10685		0.0
FGRRES_10695	FGSG_10695		0.0
FGRRES_10702	FGSG_10702		0.0
FGRRES_10706	FGSG_10706		0.0
FGRRES_10716	FGSG_10716		0.0
FGRRES_10741	FGSG_10741		0.0
FGRRES_10747	FGSG_10747		0.0
FGRRES_10800	FGSG_10800		2e-150
FGRRES_10809	FGSG_10809		0.0
FGRRES_10821	FGSG_10821		2e-52
FGRRES_10823	FGSG_10823		0.0
FGRRES_10858	FGSG_10858		0.0
FGRRES_10868	FGSG_10868		0.0
FGRRES_10888	FGSG_10888		0.0
FGRRES_10891_M	FGSG_10891		0.0
FGRRES_10895	FGSG_10895		0.0
FGRRES_10910	FGSG_10910		0.0
FGRRES_10911_M	FGSG_10911		0.0
FGRRES_10913	FGSG_07075		8e-72
FGRRES_10914	FGSG_10914		0.0
FGRRES_10919	FGSG_10919		0.0
FGRRES_10921	FGSG_10921		0.0
FGRRES_10933	FGSG_10933		0.0
FGRRES_10935	FGSG_10935		0.0
FGRRES_10938	FGSG_10938		0.0
FGRRES_10947	FGSG_10947		0.0
FGRRES_10960	FGSG_10960		0.0
FGRRES_10977_M	FGSG_10977		0.0
FGRRES_10980_M	FGSG_10980		0.0
FGRRES_10990	FGSG_10990		0.0
FGRRES_10991	FGSG_10991		0.0
FGRRES_10993	FGSG_15872		2e-85
FGRRES_10995	FGSG_10995		0.0
FGRRES_11012	FGSG_11012		0.0
FGRRES_11024	FGSG_11024		0.0
FGRRES_11026	FGSG_11026		0.0
FGRRES_11027	FGSG_11027		0.0
FGRRES_11028	FGSG_11028		0.0
FGRRES_11029	FGSG_11029		0.0
FGRRES_11038	FGSG_11038		0.0
FGRRES_11051_M	FGSG_11051		0.0
FGRRES_11056	FGSG_11056		0.0
FGRRES_11057	FGSG_11057		0.0
FGRRES_11061	FGSG_11061		0.0
FGRRES_11069	FGSG_11069		0.0
FGRRES_11074	FGSG_11074		0.0
FGRRES_11079_M	FGSG_11079		0.0
FGRRES_11084	FGSG_11084		0.0
FGRRES_11087	FGSG_11087		0.0
FGRRES_11088	FGSG_04095		5e-82
FGRRES_11092	FGSG_11092		0.0
FGRRES_11093	FGSG_11093		0.0
FGRRES_11111	FGSG_11111		0.0
FGRRES_11122	FGSG_11122		0.0
FGRRES_11124	FGSG_11124		0.0
FGRRES_11139	FGSG_11139		0.0
FGRRES_11146	FGSG_02668		8e-98
FGRRES_11147	FGSG_11147		0.0
FGRRES_11150	FGSG_11150		0.0
FGRRES_11152_3_M	FGSG_02854		8e-95
FGRRES_11182	FGSG_11182		0.0
FGRRES_11186	FGSG_11186		0.0
FGRRES_11218	FGSG_11218		0.0
FGRRES_11219	FGSG_11219		0.0
FGRRES_11240	FGSG_11240		0.0
FGRRES_11250	FGSG_11250		0.0
FGRRES_11262	FGSG_11262		0.0
FGRRES_11272	FGSG_11272		0.0
FGRRES_11274	FGSG_11274		0.0
FGRRES_11275	FGSG_11275		0.0
FGRRES_11282	FGSG_11282		0.0
FGRRES_11293	FGSG_11293		0.0
FGRRES_11303	FGSG_11303		0.0
FGRRES_11311	FGSG_11311		0.0
FGRRES_11317	FGSG_11317		4e-125
FGRRES_11319	FGSG_11319		8e-120
FGRRES_11322	FGSG_11322		0.0
FGRRES_11327	FGSG_11327		0.0
FGRRES_11339	FGSG_11339		0.0
FGRRES_11340	FGSG_11340		0.0
FGRRES_11342	FGSG_11342		3e-178
FGRRES_11344	FGSG_11344		5e-162
FGRRES_11355	FGSG_11355		0.0
FGRRES_11356	FGSG_11356		0.0
FGRRES_11358	FGSG_11358		0.0
FGRRES_11364	FGSG_11364		0.0
FGRRES_11367	FGSG_11367		0.0
FGRRES_11375	FGSG_11375		0.0
FGRRES_11383	FGSG_11383		0.0
FGRRES_11389	FGSG_11389		0.0
FGRRES_11395	FGSG_11395		0.0
FGRRES_11400	FGSG_11400		0.0
FGRRES_11407	FGSG_11407		0.0
FGRRES_11417	FGSG_11417		0.0
FGRRES_11424	FGSG_11424		0.0
FGRRES_11462_M	FGSG_11462		0.0
FGRRES_11475	FGSG_11475		0.0
FGRRES_11478	FGSG_16917		6e-90
FGRRES_11480	FGSG_11480		0.0
FGRRES_11486	FGSG_11486		0.0
FGRRES_11495	FGSG_11495		0.0
FGRRES_11498	FGSG_11498		0.0
FGRRES_11501	FGSG_11501		3e-159
FGRRES_11504	FGSG_11504		0.0
FGRRES_11519_M	FGSG_11519		0.0
FGRRES_11524_M	FGSG_02854		1e-84
FGRRES_11525	FGSG_11525		0.0
FGRRES_11536	FGSG_11536		0.0
FGRRES_11552	FGSG_11552		0.0
FGRRES_11561	FGSG_11561		0.0
FGRRES_11569	FGSG_16672		3e-84
FGRRES_11587_M	FGSG_11587		0.0
FGRRES_11606	FGSG_11606		8e-153
FGRRES_11617	FGSG_11617		0.0
FGRRES_11623	FGSG_11623		0.0
FGRRES_11654	FGSG_11654		0.0
FGRRES_11656	FGSG_11656		0.0
FGRRES_11658	FGSG_11658		0.0
FGRRES_11672	FGSG_11672		0.0
FGRRES_11676	FGSG_11676		0.0
FGRRES_11683	FGSG_11683		0.0
FGRRES_11686	FGSG_11686		0.0
FGRRES_11696_M	FGSG_11696		0.0
FGRRES_11709	FGSG_11709		0.0
FGRRES_11720	FGSG_11720		0.0
FGRRES_11815	FGSG_11815		0.0
FGRRES_11846	FGSG_11846		0.0
FGRRES_11865	FGSG_11865		0.0
FGRRES_11884	FGSG_11884		0.0
FGRRES_11891	FGSG_11891		0.0
FGRRES_11940	FGSG_11940		2e-99
FGRRES_11986	FGSG_11986		0.0
FGRRES_11987	FGSG_16514		1e-153
FGRRES_11988	FGSG_11988		0.0
FGRRES_12018_M	FGSG_17584		1e-61
FGRRES_12057	FGSG_12057		0.0
FGRRES_12094	FGSG_12094		0.0
FGRRES_12124_15979_M	FGSG_15979		3e-155
FGRRES_12134	FGSG_12134		6e-103
FGRRES_12141	FGSG_12141		0.0
FGRRES_12186	FGSG_12186		0.0
FGRRES_12244	FGSG_12244		0.0
FGRRES_12264	FGSG_12264		0.0
FGRRES_12282	FGSG_12282		0.0
FGRRES_12335	FGSG_12335		0.0
FGRRES_12341	FGSG_12341		0.0
FGRRES_12342	FGSG_12342		0.0
FGRRES_12345	FGSG_12345		0.0
FGRRES_12350	FGSG_12350		0.0
FGRRES_12358	FGSG_12358		0.0
FGRRES_12373	FGSG_12373		0.0
FGRRES_12374	FGSG_12374		0.0
FGRRES_12379_M	FGSG_12379		0.0
FGRRES_12385	FGSG_12385		0.0
FGRRES_12398	FGSG_12398		0.0
FGRRES_12407	FGSG_12407		0.0
FGRRES_12409	FGSG_12409		0.0
FGRRES_12415_M	FGSG_12415		0.0
FGRRES_12440	FGSG_12440		0.0
FGRRES_12471_M	FGSG_12471		0.0
FGRRES_12483_M	FGSG_12483		2e-160
FGRRES_12505	FGSG_12505		0.0
FGRRES_12513	FGSG_12513		0.0
FGRRES_12522_M	FGSG_12522		0.0
FGRRES_12528_M	FGSG_12528		0.0
FGRRES_12534	FGSG_12534		0.0
FGRRES_12562	FGSG_12562		6e-120
FGRRES_12570	FGSG_12570		3e-155
FGRRES_12571	FGSG_12571		3e-150
FGRRES_12581_2_M	FGSG_17460		2e-136
FGRRES_12584	FGSG_12584		0.0
FGRRES_12597	FGSG_12597		0.0
FGRRES_12599	FGSG_12599		0.0
FGRRES_12611	FGSG_12611		2e-180
FGRRES_12612_3_M	FGSG_12613		0.0
FGRRES_12631	FGSG_12631		0.0
FGRRES_12660	FGSG_12660		0.0
FGRRES_12692	FGSG_12692		0.0
FGRRES_12694	FGSG_12694		0.0
FGRRES_12703	FGSG_12703		0.0
FGRRES_12704	FGSG_12704		0.0
FGRRES_12711	FGSG_12711		0.0
FGRRES_12729_M	FGSG_12729		0.0
FGRRES_12737	FGSG_12737		0.0
FGRRES_12742	FGSG_12742		0.0
FGRRES_12798	FGSG_12798		0.0
FGRRES_12819	FGSG_12819		5e-142
FGRRES_12922	FGSG_12922		0.0
FGRRES_12970_M	FGSG_12970		0.0
FGRRES_12973_M	FGSG_12973		0.0
FGRRES_13008	FGSG_13008		0.0
FGRRES_13098	FGSG_13098		0.0
FGRRES_13146	FGSG_13146		0.0
FGRRES_13153	FGSG_13153		0.0
FGRRES_13176_M	FGSG_13176		0.0
FGRRES_13210_M	FGSG_13210		0.0
FGRRES_13231	FGSG_13231		0.0
FGRRES_13246	FGSG_09177		4e-69
FGRRES_13293	FGSG_13293		0.0
FGRRES_13299	FGSG_13299		0.0
FGRRES_13313_M	FGSG_13313		0.0
FGRRES_13314	FGSG_13314		0.0
FGRRES_13319	FGSG_13319		0.0
FGRRES_13344_M	FGSG_13344		0.0
FGRRES_13385	FGSG_13385		0.0
FGRRES_13386	FGSG_13386		0.0
FGRRES_13444	FGSG_13444		0.0
FGRRES_13445	FGSG_13445		0.0
FGRRES_13455_M	FGSG_13455		0.0
FGRRES_13457	FGSG_13457		0.0
FGRRES_13470_1_M	FGSG_13470		0.0
FGRRES_13489	FGSG_13489		0.0
FGRRES_13492_M	FGSG_13492		0.0
FGRRES_13493	FGSG_13493		0.0
FGRRES_13514	FGSG_13514		0.0
FGRRES_13560	FGSG_13560		5e-75
FGRRES_13562_M	FGSG_04182		0.0
FGRRES_13613	FGSG_13613		0.0
FGRRES_13617	FGSG_13617		0.0
FGRRES_13625	FGSG_13625		0.0
FGRRES_13640	FGSG_13640		0.0
FGRRES_13650	FGSG_13650		0.0
FGRRES_13652_3_M	FGSG_13652		2e-147
FGRRES_13675	FGSG_13675		0.0
FGRRES_13715	FGSG_13715		0.0
FGRRES_13759_M	FGSG_13759		0.0
FGRRES_13799	FGSG_13799		0.0
FGRRES_13818	FGSG_13818		7e-52
FGRRES_13830	FGSG_13830		0.0
FGRRES_13848_M	FGSG_17465		0.0
FGRRES_13860	FGSG_13860		0.0
FGRRES_13866	FGSG_13866		0.0
FGRRES_13873_M	FGSG_13873		2e-97
FGRRES_13879	FGSG_13879		0.0
FGRRES_13911	FGSG_13911		0.0
FGRRES_13964	FGSG_13964		3e-61
FGRRES_13971	FGSG_13971		0.0
FGRRES_13976	FGSG_16059		4e-87
FGRRES_13979	FGSG_13979		9e-155
FGRRES_13988	FGSG_13988		7e-159
FGRRES_13993	FGSG_13993		0.0
FGRRES_14003_M	FGSG_14003		0.0
FGRRES_15010_12980_M	FGSG_12980		1e-67
FGRRES_15416	FGSG_15416		7e-55
FGRRES_15669_M	FGSG_15669		0.0
FGRRES_15673_M	FGSG_15673		0.0
FGRRES_15676	FGSG_15676		0.0
FGRRES_15680_M	FGSG_15680		0.0
FGRRES_15684	FGSG_15684		0.0
FGRRES_15686	FGSG_15686		0.0
FGRRES_15687	FGSG_15687		0.0
FGRRES_15692	FGSG_15692		0.0
FGRRES_15693	FGSG_15693		0.0
FGRRES_15694	FGSG_15694		0.0
FGRRES_15697	FGSG_15697		0.0
FGRRES_15715	FGSG_15715		0.0
FGRRES_15716	FGSG_15716		0.0
FGRRES_15730_M	FGSG_15730		0.0
FGRRES_15742	FGSG_15742		0.0
FGRRES_15757	FGSG_15757		0.0
FGRRES_15767	FGSG_15767		0.0
FGRRES_15775	FGSG_15775		0.0
FGRRES_15782	FGSG_15782		0.0
FGRRES_15788	FGSG_15788		0.0
FGRRES_15790	FGSG_15790		0.0
FGRRES_15819	FGSG_15819		0.0
FGRRES_15820	FGSG_15820		0.0
FGRRES_15821	FGSG_15821		0.0
FGRRES_15829	FGSG_15829		0.0
FGRRES_15831	FGSG_15831		0.0
FGRRES_15849	FGSG_15849		0.0
FGRRES_15855_M	FGSG_15855		0.0
FGRRES_15856	FGSG_15856		0.0
FGRRES_15864_M	FGSG_15864		0.0
FGRRES_15865_M	FGSG_15865		0.0
FGRRES_15866_M	FGSG_15866		0.0
FGRRES_15872	FGSG_15872		0.0
FGRRES_15877	FGSG_15877		0.0
FGRRES_15878	FGSG_15878		0.0
FGRRES_15882	FGSG_15882		0.0
FGRRES_15886	FGSG_15886		0.0
FGRRES_15891	FGSG_15891		0.0
FGRRES_15893_M	FGSG_15893		0.0
FGRRES_15894	FGSG_15894		0.0
FGRRES_15897	FGSG_15897		0.0
FGRRES_15899_M	FGSG_15899		0.0
FGRRES_15901	FGSG_16490		3e-95
FGRRES_15910	FGSG_15910		0.0
FGRRES_15919	FGSG_15919		0.0
FGRRES_15923	FGSG_15923		0.0
FGRRES_15926	FGSG_15926		0.0
FGRRES_15927	FGSG_15927		0.0
FGRRES_15928	FGSG_15928		0.0
FGRRES_15932	FGSG_15932		0.0
FGRRES_15940	FGSG_15940		0.0
FGRRES_15944	FGSG_15944		0.0
FGRRES_15953	FGSG_15953		0.0
FGRRES_15955	FGSG_15955		0.0
FGRRES_15962	FGSG_15962		0.0
FGRRES_15963	FGSG_15963		0.0
FGRRES_15965	FGSG_15965		0.0
FGRRES_15966_M	FGSG_15966		0.0
FGRRES_15967	FGSG_15967		0.0
FGRRES_15969	FGSG_15969		0.0
FGRRES_15973	FGSG_15973		0.0
FGRRES_15980_M	FGSG_15980		0.0
FGRRES_15987	FGSG_15987		0.0
FGRRES_15994	FGSG_15994		0.0
FGRRES_15995	FGSG_15995		0.0
FGRRES_15997	FGSG_15997		0.0
FGRRES_16000	FGSG_16000		0.0
FGRRES_16014	FGSG_16014		0.0
FGRRES_16016	FGSG_16016		0.0
FGRRES_16030	FGSG_16030		0.0
FGRRES_16034	FGSG_16034		5e-167
FGRRES_16039	FGSG_16039		0.0
FGRRES_16040	FGSG_16040		0.0
FGRRES_16048	FGSG_16048		0.0
FGRRES_16056	FGSG_16056		0.0
FGRRES_16058	FGSG_16058		0.0
FGRRES_16059	FGSG_16059		0.0
FGRRES_16061	FGSG_16061		0.0
FGRRES_16063	FGSG_16063		0.0
FGRRES_16064	FGSG_16064		0.0
FGRRES_16065	FGSG_16065		0.0
FGRRES_16069	FGSG_16069		0.0
FGRRES_16072_M	FGSG_15694		4e-110
FGRRES_16075	FGSG_16075		0.0
FGRRES_16076_M	FGSG_16076		0.0
FGRRES_16081	FGSG_16081		0.0
FGRRES_16090	FGSG_16090		0.0
FGRRES_16102	FGSG_16102		0.0
FGRRES_16115_M	FGSG_16115		0.0
FGRRES_16125_M	FGSG_16125		0.0
FGRRES_16127	FGSG_16127		0.0
FGRRES_16131	FGSG_16131		0.0
FGRRES_16133	FGSG_16133		0.0
FGRRES_16137	FGSG_16137		0.0
FGRRES_16143	FGSG_16143		0.0
FGRRES_16159	FGSG_16159		0.0
FGRRES_16188	FGSG_16188		0.0
FGRRES_16190	FGSG_16190		0.0
FGRRES_16195	FGSG_16195		0.0
FGRRES_16199_M	FGSG_16199		0.0
FGRRES_16200	FGSG_16200		0.0
FGRRES_16204	FGSG_16204		0.0
FGRRES_16207	FGSG_16207		1e-90
FGRRES_16208	FGSG_16208		0.0
FGRRES_16209	FGSG_16209		0.0
FGRRES_16213_M	FGSG_16213		0.0
FGRRES_16215	FGSG_16215		0.0
FGRRES_16219_M	FGSG_16219		0.0
FGRRES_16223	FGSG_16223		0.0
FGRRES_16226	FGSG_16226		0.0
FGRRES_16228	FGSG_16228		0.0
FGRRES_16229_M	FGSG_16229		0.0
FGRRES_16235	FGSG_16235		0.0
FGRRES_16237	FGSG_16237		0.0
FGRRES_16240	FGSG_16240		0.0
FGRRES_16244	FGSG_16244		0.0
FGRRES_16245	FGSG_16245		2e-137
FGRRES_16250	FGSG_16250		0.0
FGRRES_16251	FGSG_16251		2e-164
FGRRES_16255	FGSG_16255		0.0
FGRRES_16256	FGSG_16256		0.0
FGRRES_16260	FGSG_16260		0.0
FGRRES_16269	FGSG_16269		0.0
FGRRES_16274_M	FGSG_16274		0.0
FGRRES_16278	FGSG_16278		0.0
FGRRES_16284	FGSG_16284		0.0
FGRRES_16288	FGSG_16288		0.0
FGRRES_16291_M	FGSG_16291		0.0
FGRRES_16292_M	FGSG_16292		0.0
FGRRES_16293	FGSG_16293		0.0
FGRRES_16295	FGSG_16295		0.0
FGRRES_16303	FGSG_16303		0.0
FGRRES_16306	FGSG_16306		0.0
FGRRES_16308_M	FGSG_16308		0.0
FGRRES_16317	FGSG_16317		0.0
FGRRES_16319	FGSG_16319		0.0
FGRRES_16321	FGSG_16321		0.0
FGRRES_16327	FGSG_16327		0.0
FGRRES_16331_M	FGSG_16331		0.0
FGRRES_16339_M	FGSG_16339		0.0
FGRRES_16345	FGSG_16345		0.0
FGRRES_16348	FGSG_16348		0.0
FGRRES_16357	FGSG_16357		0.0
FGRRES_16361	FGSG_16361		0.0
FGRRES_16362	FGSG_16362		0.0
FGRRES_16367	FGSG_16367		0.0
FGRRES_16368	FGSG_16368		0.0
FGRRES_16373_M	FGSG_16373		0.0
FGRRES_16376	FGSG_16376		0.0
FGRRES_16378_M	FGSG_16378		0.0
FGRRES_16379_12566_M	FGSG_12566		3e-117
FGRRES_16384_5_M	FGSG_16384		0.0
FGRRES_16386	FGSG_16386		0.0
FGRRES_16387	FGSG_07589		8e-54
FGRRES_16390	FGSG_16390		0.0
FGRRES_16391	FGSG_16391		0.0
FGRRES_16395_M	FGSG_16395		0.0
FGRRES_16399	FGSG_16399		0.0
FGRRES_16401	FGSG_16401		0.0
FGRRES_16403	FGSG_16403		0.0
FGRRES_16406	FGSG_16406		0.0
FGRRES_16414	FGSG_16414		0.0
FGRRES_16424	FGSG_16424		0.0
FGRRES_16425	FGSG_16425		2e-167
FGRRES_16432	FGSG_16432		0.0
FGRRES_16434	FGSG_16434		0.0
FGRRES_16436	FGSG_16436		0.0
FGRRES_16442	FGSG_16442		0.0
FGRRES_16445	FGSG_16445		1e-99
FGRRES_16446_M	FGSG_16446		0.0
FGRRES_16452	FGSG_16452		0.0
FGRRES_16456	FGSG_16456		0.0
FGRRES_16458	FGSG_16458		0.0
FGRRES_16461	FGSG_16461		0.0
FGRRES_16471_M	FGSG_16399		4e-74
FGRRES_16472	FGSG_16472		0.0
FGRRES_16476	FGSG_16476		0.0
FGRRES_16486	FGSG_16486		0.0
FGRRES_16490	FGSG_16490		0.0
FGRRES_16506_M	FGSG_16506		0.0
FGRRES_16509_M	FGSG_16509		0.0
FGRRES_16514	FGSG_16514		0.0
FGRRES_16518	FGSG_16518		0.0
FGRRES_16521_M	FGSG_16521		0.0
FGRRES_16522	FGSG_16522		0.0
FGRRES_16527	FGSG_16527		0.0
FGRRES_16528	FGSG_16528		0.0
FGRRES_16531	FGSG_16531		0.0
FGRRES_16532	FGSG_16532		0.0
FGRRES_16534	FGSG_16534		0.0
FGRRES_16543	FGSG_16543		0.0
FGRRES_16545	FGSG_16545		0.0
FGRRES_16548	FGSG_16548		0.0
FGRRES_16549	FGSG_16549		0.0
FGRRES_16557	FGSG_16557		0.0
FGRRES_16561	FGSG_16561		0.0
FGRRES_16570	FGSG_16570		0.0
FGRRES_16573	FGSG_16573		0.0
FGRRES_16576_M	FGSG_16576		0.0
FGRRES_16579	FGSG_16579		0.0
FGRRES_16594	FGSG_16594		0.0
FGRRES_16620	FGSG_16620		0.0
FGRRES_16634	FGSG_16634		0.0
FGRRES_16640	FGSG_16640		0.0
FGRRES_16661	FGSG_16661		0.0
FGRRES_16662	FGSG_16662		0.0
FGRRES_16663_M	FGSG_16663		0.0
FGRRES_16672_M	FGSG_16672		0.0
FGRRES_16681	FGSG_16681		0.0
FGRRES_16688	FGSG_16688		0.0
FGRRES_16694	FGSG_16694		0.0
FGRRES_16703	FGSG_16703		0.0
FGRRES_16711	FGSG_16711		0.0
FGRRES_16727	FGSG_16727		0.0
FGRRES_16732	FGSG_16732		0.0
FGRRES_16738	FGSG_16738		0.0
FGRRES_16754	FGSG_16754		0.0
FGRRES_16764	FGSG_16764		0.0
FGRRES_16768_M	FGSG_16768		5e-91
FGRRES_16774	FGSG_16774		0.0
FGRRES_16777	FGSG_16777		0.0
FGRRES_16792	FGSG_16792		0.0
FGRRES_16795_M	FGSG_16795		0.0
FGRRES_16798	FGSG_16798		0.0
FGRRES_16802	FGSG_16802		0.0
FGRRES_16803	FGSG_16803		0.0
FGRRES_16816_M	FGSG_16816		0.0
FGRRES_16822_M	FGSG_16822		0.0
FGRRES_16825	FGSG_16825		0.0
FGRRES_16832	FGSG_16832		0.0
FGRRES_16833	FGSG_16833		0.0
FGRRES_16835	FGSG_16835		0.0
FGRRES_16845	FGSG_16845		0.0
FGRRES_16846	FGSG_16846		0.0
FGRRES_16851	FGSG_16851		0.0
FGRRES_16855	FGSG_16855		0.0
FGRRES_16856	FGSG_16856		0.0
FGRRES_16858	FGSG_16858		0.0
FGRRES_16867	FGSG_16867		0.0
FGRRES_16873	FGSG_16873		0.0
FGRRES_16874	FGSG_16874		0.0
FGRRES_16876	FGSG_16876		0.0
FGRRES_16879	FGSG_16879		0.0
FGRRES_16881_M	FGSG_16881		0.0
FGRRES_16887	FGSG_16887		0.0
FGRRES_16900	FGSG_16900		0.0
FGRRES_16903	FGSG_16903		0.0
FGRRES_16908	FGSG_16908		0.0
FGRRES_16910	FGSG_16910		0.0
FGRRES_16911	FGSG_16911		0.0
FGRRES_16912_M	FGSG_16912		2e-125
FGRRES_16913_M	FGSG_16913		0.0
FGRRES_16917	FGSG_16917		0.0
FGRRES_16918	FGSG_16918		0.0
FGRRES_16920_M	FGSG_16920		0.0
FGRRES_16922	FGSG_16922		0.0
FGRRES_16923	FGSG_16923		0.0
FGRRES_16924	FGSG_16924		0.0
FGRRES_16926_M	FGSG_16926		0.0
FGRRES_16927	FGSG_16927		0.0
FGRRES_16928_M	FGSG_16928		0.0
FGRRES_16929	FGSG_16929		0.0
FGRRES_16943	FGSG_16943		4e-96
FGRRES_16945_M	FGSG_16945		0.0
FGRRES_16957	FGSG_16957		0.0
FGRRES_16959	FGSG_16959		0.0
FGRRES_16962	FGSG_16962		4e-175
FGRRES_16963	FGSG_16963		0.0
FGRRES_16967_M	FGSG_16967		0.0
FGRRES_16995	FGSG_16995		0.0
FGRRES_17010	FGSG_17010		0.0
FGRRES_17028	FGSG_17028		0.0
FGRRES_17038	FGSG_17038		0.0
FGRRES_17042	FGSG_17042		0.0
FGRRES_17046	FGSG_17046		0.0
FGRRES_17048	FGSG_17048		0.0
FGRRES_17052	FGSG_17052		2e-180
FGRRES_17056	FGSG_17056		0.0
FGRRES_17057	FGSG_17057		0.0
FGRRES_17058	FGSG_17058		0.0
FGRRES_17072	FGSG_17072		0.0
FGRRES_17077	FGSG_03735.2		6e-94
FGRRES_17087	FGSG_17087		0.0
FGRRES_17088	FGSG_17088		0.0
FGRRES_17089	FGSG_17089		0.0
FGRRES_17093	FGSG_17093		0.0
FGRRES_17102	FGSG_17102		0.0
FGRRES_17110	FGSG_17110		0.0
FGRRES_17114	FGSG_17114		0.0
FGRRES_17116	FGSG_17116		0.0
FGRRES_17117	FGSG_17117		0.0
FGRRES_17127	FGSG_17127		0.0
FGRRES_17129	FGSG_17129		0.0
FGRRES_17130	FGSG_17130		0.0
FGRRES_17150	FGSG_17150		0.0
FGRRES_17152	FGSG_17152		0.0
FGRRES_17156	FGSG_17156		0.0
FGRRES_17162	FGSG_17162		0.0
FGRRES_17165	FGSG_17165		0.0
FGRRES_17168	FGSG_17168		0.0
FGRRES_17171	FGSG_17171		0.0
FGRRES_17177	FGSG_17177		0.0
FGRRES_17178	FGSG_17178		0.0
FGRRES_17180	FGSG_17180		0.0
FGRRES_17182	FGSG_17182		0.0
FGRRES_17187	FGSG_17187		2e-162
FGRRES_17192	FGSG_17192		0.0
FGRRES_17195	FGSG_17195		0.0
FGRRES_17196_M	FGSG_17196		0.0
FGRRES_17202	FGSG_17202		0.0
FGRRES_17210	FGSG_17210		0.0
FGRRES_17211_M	FGSG_17211		0.0
FGRRES_17217_M	FGSG_17217		0.0
FGRRES_17219	FGSG_17219		0.0
FGRRES_17224	FGSG_17224		0.0
FGRRES_17229	FGSG_17229		0.0
FGRRES_17238	FGSG_17238		0.0
FGRRES_17244	FGSG_17244		0.0
FGRRES_17251	FGSG_17251		0.0
FGRRES_17253	FGSG_17253		0.0
FGRRES_17257_M	FGSG_17257		0.0
FGRRES_17259	FGSG_17259		0.0
FGRRES_17260	FGSG_17260		0.0
FGRRES_17261	FGSG_17261		0.0
FGRRES_17269	FGSG_17269		0.0
FGRRES_17283	FGSG_17283		0.0
FGRRES_17290	FGSG_17093		0.0
FGRRES_17297	FGSG_17297		0.0
FGRRES_17300	FGSG_17300		0.0
FGRRES_17301	FGSG_17301		0.0
FGRRES_17302	FGSG_17302		0.0
FGRRES_17305	FGSG_17305		0.0
FGRRES_17309	FGSG_17309		0.0
FGRRES_17315	FGSG_17315		0.0
FGRRES_17320	FGSG_17320		0.0
FGRRES_17323	FGSG_17323		0.0
FGRRES_17335	FGSG_17335		0.0
FGRRES_17338	FGSG_17338		0.0
FGRRES_17340	FGSG_17340		0.0
FGRRES_17341	FGSG_09063		0.0
FGRRES_17345_M	FGSG_17345		0.0
FGRRES_17347	FGSG_17347		0.0
FGRRES_17351	FGSG_17351		0.0
FGRRES_17358	FGSG_17358		0.0
FGRRES_17361	FGSG_17361		0.0
FGRRES_17363	FGSG_17363		0.0
FGRRES_17365	FGSG_17365		0.0
FGRRES_17370	FGSG_17370		0.0
FGRRES_17377	FGSG_17377		0.0
FGRRES_17381	FGSG_17381		0.0
FGRRES_17384	FGSG_17384		0.0
FGRRES_17386	FGSG_17386		0.0
FGRRES_17387	FGSG_17387		0.0
FGRRES_17395_M	FGSG_17395		0.0
FGRRES_17400	FGSG_17400		0.0
FGRRES_17401	FGSG_17401		0.0
FGRRES_17408	FGSG_17408		0.0
FGRRES_17421	FGSG_17421		0.0
FGRRES_17423	FGSG_17423		0.0
FGRRES_17428	FGSG_17428		0.0
FGRRES_17430	FGSG_17430		0.0
FGRRES_17432	FGSG_17432		0.0
FGRRES_17447	FGSG_17447		0.0
FGRRES_17450	FGSG_17450		0.0
FGRRES_17451	FGSG_17451		0.0
FGRRES_17452	FGSG_17452		0.0
FGRRES_17460	FGSG_17460		0.0
FGRRES_17461	FGSG_17461		0.0
FGRRES_17473_M	FGSG_17473		0.0
FGRRES_17474_M	FGSG_17474		0.0
FGRRES_17475	FGSG_17475		0.0
FGRRES_17486	FGSG_17486		0.0
FGRRES_17487	FGSG_17487		0.0
FGRRES_17497	FGSG_17497		0.0
FGRRES_17498	FGSG_17498		0.0
FGRRES_17502_M	FGSG_17502		0.0
FGRRES_17503	FGSG_17503		4e-114
FGRRES_17504	FGSG_17504		0.0
FGRRES_17506	FGSG_17506		0.0
FGRRES_17511	FGSG_17511		0.0
FGRRES_17514	FGSG_17514		0.0
FGRRES_17528	FGSG_17528		0.0
FGRRES_17529	FGSG_17529		0.0
FGRRES_17537	FGSG_17537		4e-131
FGRRES_17541	FGSG_17541		0.0
FGRRES_17543	FGSG_17543		0.0
FGRRES_17552	FGSG_17552		0.0
FGRRES_17555	FGSG_17555		0.0
FGRRES_17556	FGSG_17556		0.0
FGRRES_17561	FGSG_17561		0.0
FGRRES_17565	FGSG_17565		0.0
FGRRES_17568	FGSG_16159		2e-88
FGRRES_17569	FGSG_17569		0.0
FGRRES_17571	FGSG_16917		3e-115
FGRRES_17574	FGSG_17574		0.0
FGRRES_17578	FGSG_17578		0.0
FGRRES_17579	FGSG_17579		0.0
FGRRES_17584	FGSG_17584		0.0
FGRRES_17586	FGSG_17586		0.0
FGRRES_17598	FGSG_17598		0.0
FGRRES_17610	FGSG_17610		0.0
FGRRES_17622	FGSG_17622		0.0
FGRRES_17623	FGSG_17623		0.0
FGRRES_17632_A_M	FGSG_09147		0.0
FGRRES_17632_B_M	FGSG_17632		4e-114
FGRRES_17637	FGSG_17637		0.0
FGRRES_17645	FGSG_17645		0.0
FGRRES_17648	FGSG_17648		0.0
FGRRES_17658_M	FGSG_17658		0.0
FGRRES_17662	FGSG_17662		0.0
FGRRES_17664	FGSG_17664		0.0
FGRRES_17667	FGSG_17667		0.0
FGRRES_17674	FGSG_17674		0.0
FGRRES_17677	FGSG_17677		0.0
FGRRES_17678	FGSG_16917		9e-88
FGRRES_17679	FGSG_17679		0.0
FGRRES_17682	FGSG_17682		0.0
FGRRES_17686	FGSG_17686		0.0
FGRRES_17704	FGSG_17704		0.0
FGRRES_17713_M	FGSG_17713		0.0
FGRRES_17723	FGSG_17723		0.0
FGRRES_17725	FGSG_17725		0.0
FGRRES_17729	FGSG_17729		0.0
FGRRES_17730	FGSG_17730		0.0
FGRRES_17745	FGSG_17745		0.0
FGRRES_20067	FGSG_03855		1e-103
FGRRES_20116	FGSG_02641		5e-130
FGRRES_20168	FGSG_16672		1e-84
FGRRES_20236	FGSG_12631		2e-146
